Country,Industry
China,Enterprise Tech
United States,Media & Entertainment
United States,Enterprise Tech
China,Industrials
Germany,Industrials
India,Healthcare & Life Sciences
Canada,Enterprise Tech
Switzerland,Financial Services
Brazil,Enterprise Tech
China,Financial Services
China,Consumer & Retail
United Kingdom,Enterprise Tech
United States,Enterprise Tech
United States,Media & Entertainment
Switzerland,Enterprise Tech
United States,Industrials
United States,Enterprise Tech
Germany,Consumer & Retail
United Kingdom,Insurance
India,Insurance
United States,Financial Services
Switzerland,Enterprise Tech
United States,Enterprise Tech
Canada,Enterprise Tech
United States,Financial Services
United States,Enterprise Tech
Singapore,Financial Services
Bermuda,Enterprise Tech
United States,Consumer & Retail
United States,Insurance
Germany,Industrials
Israel,Enterprise Tech
China,Enterprise Tech
China,Enterprise Tech
United States,Enterprise Tech
France,Enterprise Tech
United States,Enterprise Tech
The Netherlands,Enterprise Tech
Australia,Financial Services
Finland,Enterprise Tech
China,Industrials
Indonesia,Financial Services
Indonesia,Financial Services
France,Healthcare & Life Sciences
United States,Enterprise Tech
United States,Healthcare & Life Sciences
United States,Enterprise Tech
United States,Enterprise Tech
United States,Enterprise Tech
China,Media & Entertainment
China,Enterprise Tech
United States,Financial Services
United States,Healthcare & Life Sciences
United States,Enterprise Tech
United States,Media & Entertainment
Ireland,Industrials
Hong Kong,Financial Services
United States,Financial Services
United States,Enterprise Tech
United States,Industrials
United States,Financial Services
United States,Enterprise Tech
United States,Industrials
United States,Enterprise Tech
China,Industrials
Hong Kong,Enterprise Tech
France,Consumer & Retail
United States,Enterprise Tech
United States,Enterprise Tech
United States,Consumer & Retail
India,Enterprise Tech
United States,Enterprise Tech
United States,Consumer & Retail
United States,Enterprise Tech
United States,Industrials
Canada,Consumer & Retail
United States,Enterprise Tech
United States,Enterprise Tech
United States,Enterprise Tech
China,Consumer & Retail
China,Enterprise Tech
United States,Enterprise Tech
United States,Enterprise Tech
United States,Enterprise Tech
United States,Enterprise Tech
United Kingdom,Enterprise Tech
China,Healthcare & Life Sciences
United States,Enterprise Tech
United States,Enterprise Tech
United States,Industrials
Thailand,Enterprise Tech
United States,Consumer & Retail
Canada,Industrials
United States,Enterprise Tech
United States,Industrials
China,Industrials
United States,Insurance
United States,Healthcare & Life Sciences
United States,Media & Entertainment
United States,Enterprise Tech
United States,Industrials
United States,Consumer & Retail
United States,Industrials
United States,Enterprise Tech
United States,Media & Entertainment
Norway,Industrials
United States,Enterprise Tech
United States,Financial Services
China,Healthcare & Life Sciences
United States,Financial Services
United States,Enterprise Tech
United States,Consumer & Retail
Canada,Enterprise Tech
United States,Industrials
United States,Enterprise Tech
China,Industrials
Hong Kong,Financial Services
France,Consumer & Retail
The Netherlands,Financial Services
China,Enterprise Tech
China,Industrials
United Kingdom,Enterprise Tech
China,Consumer & Retail
China,Industrials
China,Enterprise Tech
United States,Healthcare & Life Sciences
China,Enterprise Tech
Germany,Consumer & Retail
United States,Industrials
Chile,Enterprise Tech
United States,Financial Services
United States,Enterprise Tech
United States,Enterprise Tech
United States,Insurance
United Kingdom,Financial Services
India,Financial Services
China,Consumer & Retail
United States,Enterprise Tech
United States,Enterprise Tech
United States,Financial Services
Malta,Financial Services
United States,Financial Services
Israel,Enterprise Tech
India,Healthcare & Life Sciences
United States,Healthcare & Life Sciences
China,Enterprise Tech
The Netherlands,Enterprise Tech
United States,Financial Services
Austria,Financial Services
United States,Enterprise Tech
Mexico,Financial Services
France,Consumer & Retail
United States,Industrials
India,Industrials
United States,Financial Services
Canada,Financial Services
United States,Consumer & Retail
United States,Consumer & Retail
China,Industrials
United States,Enterprise Tech
India,Consumer & Retail
United States,Enterprise Tech
Estonia,Industrials
Singapore,Insurance
United States,Industrials
China,Industrials
United States,Healthcare & Life Sciences
United States,Industrials
United States,Enterprise Tech
United States,Insurance
United Kingdom,Consumer & Retail
Israel,Enterprise Tech
Ireland,Enterprise Tech
United States,Financial Services
The Netherlands,Financial Services
China,Industrials
China,Industrials
United States,Financial Services
Brazil,Financial Services
Spain,Industrials
United States,Healthcare & Life Sciences
United States,Financial Services
China,Enterprise Tech
United States,Enterprise Tech
France,Healthcare & Life Sciences
China,Enterprise Tech
United States,Insurance
United States,Media & Entertainment
United States,Financial Services
China,Industrials
China,Industrials
United States,Financial Services
United States,Healthcare & Life Sciences
United States,Enterprise Tech
United States,Industrials
United States,Healthcare & Life Sciences
India,Industrials
United States,Healthcare & Life Sciences
Brazil,Industrials
United States,Insurance
United States,Healthcare & Life Sciences
Singapore,Consumer & Retail
Singapore,Industrials
India,Industrials
Malaysia,Industrials
United States,Financial Services
United States,Consumer & Retail
United States,Financial Services
Israel,Enterprise Tech
United States,Healthcare & Life Sciences
Liechtenstein,Enterprise Tech
United States,Healthcare & Life Sciences
United States,Enterprise Tech
United States,Enterprise Tech
United States,Financial Services
California,Media & Entertainment
United States,Financial Services
United States,Enterprise Tech
China,Consumer & Retail
Israel,Enterprise Tech
United States,Consumer & Retail
China,Financial Services
China,Enterprise Tech
China,Industrials
China,Industrials
United States,Financial Services
Germany,Consumer & Retail
Germany,Consumer & Retail
United States,Enterprise Tech
Hong Kong,Consumer & Retail
United States,Financial Services
United States,Enterprise Tech
United States,Consumer & Retail
United States,Healthcare & Life Sciences
Mexico,Financial Services
United States,Enterprise Tech
United States,Healthcare & Life Sciences
United States,Enterprise Tech
United States,Consumer & Retail
Japan,Industrials
United States,Financial Services
Canada,Financial Services
United States,Financial Services
United States,Enterprise Tech
United States,Enterprise Tech
Switzerland,Industrials
Canada,Enterprise Tech
Mexico,Financial Services
United States,Healthcare & Life Sciences
United States,Enterprise Tech
United States,Media & Entertainment
Brazil,Financial Services
China,Enterprise Tech
United States,Media & Entertainment
China,Industrials
United Kingdom,Healthcare & Life Sciences
United States,Insurance
United States,Enterprise Tech
United States,Enterprise Tech
Singapore,Financial Services
Norway,Industrials
Canada,Enterprise Tech
United States,Enterprise Tech
India,Financial Services
United States,Financial Services
India,Financial Services
United States,Financial Services
United States,Healthcare & Life Sciences
Belgium,Enterprise Tech
United States,Healthcare & Life Sciences
United States,Healthcare & Life Sciences
United States,Consumer & Retail
Germany,Enterprise Tech
United States,Industrials
United States,Healthcare & Life Sciences
United Kingdom,Enterprise Tech
United States,Healthcare & Life Sciences
United States,Enterprise Tech
United Kingdom,Consumer & Retail
Germany,Enterprise Tech
France,Enterprise Tech
United States,Enterprise Tech
China,Media & Entertainment
United States,Enterprise Tech
United Kingdom,Enterprise Tech
United States,Enterprise Tech
China,Enterprise Tech
United States,Consumer & Retail
India,Financial Services
Brazil,Financial Services
United States,Enterprise Tech
United States,Enterprise Tech
United States,Financial Services
United States,Industrials
Australia,Enterprise Tech
United States,Financial Services
United States,Enterprise Tech
United States,Consumer & Retail
United States,Financial Services
Indonesia,Financial Services
Canada,Media & Entertainment
India,Enterprise Tech
United States,Enterprise Tech
United States,Enterprise Tech
United States,Enterprise Tech
United States,Enterprise Tech
United States,Enterprise Tech
India,Consumer & Retail
Germany,Enterprise Tech
China,Enterprise Tech
United States,Enterprise Tech
Belgium,Consumer & Retail
United States,Enterprise Tech
France,Healthcare & Life Sciences
United States,Enterprise Tech
United States,Consumer & Retail
Switzerland,Enterprise Tech
United States,Enterprise Tech
United States,Industrials
China,Financial Services
China,Industrials
China,Industrials
India,Insurance
United States,Healthcare & Life Sciences
United States,Media & Entertainment
United States,Industrials
United States,Financial Services
China,Industrials
China,Industrials
Brazil,Financial Services
United States,Enterprise Tech
Poland,Healthcare & Life Sciences
France,Healthcare & Life Sciences
United States,Media & Entertainment
China,Enterprise Tech
United States,Industrials
United States,Enterprise Tech
Turkey,Media & Entertainment
India,Media & Entertainment
United States,Enterprise Tech
Israel,Enterprise Tech
United States,Financial Services
India,Consumer & Retail
United States,Enterprise Tech
China,Enterprise Tech
China,Financial Services
United Arab Emirates,Consumer & Retail
China,Enterprise Tech
Norway,Enterprise Tech
United States,Consumer & Retail
China,Healthcare & Life Sciences
Israel,Insurance
United States,Consumer & Retail
Brazil,Financial Services
United States,Industrials
France,Enterprise Tech
Indonesia,Industrials
United States,Enterprise Tech
India,Industrials
United States,Enterprise Tech
United States,Industrials
United States,Industrials
United States,Healthcare & Life Sciences
China,Financial Services
United States,Enterprise Tech
Australia,Financial Services
United States,Financial Services
China,Enterprise Tech
China,Industrials
Germany,Industrials
United States,Enterprise Tech
United States,Enterprise Tech
Sweden,Media & Entertainment
United States,Industrials
United States,Healthcare & Life Sciences
United States,Enterprise Tech
India,Enterprise Tech
Canada,Enterprise Tech
China,Enterprise Tech
United States,Financial Services
China,Industrials
China,Enterprise Tech
United States,Insurance
Israel,Financial Services
India,Industrials
United States,Enterprise Tech
United States,Healthcare & Life Sciences
United States,Healthcare & Life Sciences
United States,Healthcare & Life Sciences
United States,Enterprise Tech
France,Industrials
United States,Enterprise Tech
United States,Insurance
United States,Enterprise Tech
United States,Consumer & Retail
United States,Consumer & Retail
United States,Consumer & Retail
United States,Consumer & Retail
Brazil,Enterprise Tech
Spain,Enterprise Tech
United States,Financial Services
China,Consumer & Retail
United States,Industrials
Portugal,Financial Services
China,Enterprise Tech
Ireland,Enterprise Tech
United States,Consumer & Retail
United States,Media & Entertainment
United States,Financial Services
United States,Enterprise Tech
United States,Financial Services
Israel,Enterprise Tech
United States,Industrials
India,Consumer & Retail
China,Consumer & Retail
China,Healthcare & Life Sciences
United States,Enterprise Tech
United States,Industrials
Thailand,Industrials
Cayman Islands,Enterprise Tech
China,Industrials
United States,Industrials
United States,Industrials
Germany,Consumer & Retail
Ireland,Consumer & Retail
Germany,Consumer & Retail
United States,Industrials
United States,Consumer & Retail
United States,Financial Services
United States,Financial Services
United States,Financial Services
United States,Enterprise Tech
United States,Industrials
United States,Industrials
United States,Media & Entertainment
United States,Enterprise Tech
Germany,Industrials
United States,Healthcare & Life Sciences
United States,Enterprise Tech
India,Financial Services
United States,Enterprise Tech
United States,Healthcare & Life Sciences
Canada,Enterprise Tech
United States,Enterprise Tech
China,Industrials
China,Industrials
United States,Enterprise Tech
China,Financial Services
United States,Financial Services
China,Enterprise Tech
United States,Enterprise Tech
United Arab Emirates,Enterprise Tech
China,Industrials
China,Industrials
India,Media & Entertainment
United States,Financial Services
China,Industrials
China,Industrials
Norway,Consumer & Retail
United States,Enterprise Tech
United States,Financial Services
United States,Healthcare & Life Sciences
United States,Media & Entertainment
Canada,Enterprise Tech
United Kingdom,Industrials
Germany,Consumer & Retail
Singapore,Financial Services
United States,Enterprise Tech
United States,Enterprise Tech
India,Consumer & Retail
United States,Consumer & Retail
Japan,Industrials
Australia,Enterprise Tech
United States,Consumer & Retail
United Kingdom,Financial Services
Hong Kong,Enterprise Tech
United States,Enterprise Tech
Japan,Industrials
United States,Enterprise Tech
South Korea,Consumer & Retail
Austria,Consumer & Retail
United Kingdom,Consumer & Retail
South Korea,Consumer & Retail
United States,Enterprise Tech
Singapore,Financial Services
United States,Industrials
United States,Enterprise Tech
United Kingdom,Enterprise Tech
United States,Financial Services
United States,Enterprise Tech
United States,Industrials
Germany,Consumer & Retail
India,Financial Services
United States,Consumer & Retail
Mexico,Consumer & Retail
China,Industrials
United States,Financial Services
United States,Enterprise Tech
China,Consumer & Retail
United States,Enterprise Tech
United States,Healthcare & Life Sciences
United Kingdom,Consumer & Retail
Sweden,Industrials
United States,Enterprise Tech
Colombia,Financial Services
South Korea,Media & Entertainment
China,Industrials
China,Healthcare & Life Sciences
Israel,Enterprise Tech
United States,Enterprise Tech
China,Industrials
United States,Financial Services
United States,Enterprise Tech
United States,Consumer & Retail
India,Enterprise Tech
China,Consumer & Retail
United States,Enterprise Tech
United States,Enterprise Tech
United States,Healthcare & Life Sciences
United States,Healthcare & Life Sciences
United States,Industrials
United States,Enterprise Tech
China,Industrials
Germany,Enterprise Tech
United States,Consumer & Retail
China,Consumer & Retail
Israel,Enterprise Tech
United States,Financial Services
United States,Enterprise Tech
India,Media & Entertainment
United States,Healthcare & Life Sciences
China,Enterprise Tech
United States,Enterprise Tech
China,Consumer & Retail
Finland,Industrials
United States,Financial Services
United States,Enterprise Tech
United States,Healthcare & Life Sciences
United Kingdom,Enterprise Tech
Canada,Consumer & Retail
China,Industrials
United States,Consumer & Retail
The Netherlands,Consumer & Retail
United States,Consumer & Retail
China,Industrials
China,Industrials
China,Enterprise Tech
China,Consumer & Retail
China,Industrials
United States,Enterprise Tech
China,Enterprise Tech
China,Consumer & Retail
China,Consumer & Retail
China,Consumer & Retail
United States,Financial Services
United States,Healthcare & Life Sciences
China,Media & Entertainment
China,Enterprise Tech
France,Consumer & Retail
United States,Consumer & Retail
United States,Financial Services
China,Healthcare & Life Sciences
United States,Enterprise Tech
United States,Enterprise Tech
United States,Industrials
United States,Consumer & Retail
Spain,Consumer & Retail
United States,Consumer & Retail
Brazil,Consumer & Retail
United States,Enterprise Tech
United States,Enterprise Tech
United States,Enterprise Tech
United States,Enterprise Tech
Australia,Media & Entertainment
United States,Enterprise Tech
United States,Enterprise Tech
United States,Consumer & Retail
United Kingdom,Media & Entertainment
United States,Industrials
United States,Healthcare & Life Sciences
United States,Enterprise Tech
India,Financial Services
United States,Healthcare & Life Sciences
United States,Industrials
Germany,Industrials
Israel,Enterprise Tech
United States,Enterprise Tech
United Kingdom,Enterprise Tech
India,Industrials
United States,Financial Services
India,Enterprise Tech
China,Media & Entertainment
United States,Healthcare & Life Sciences
United States,Industrials
Singapore,Enterprise Tech
Israel,Healthcare & Life Sciences
United States,Enterprise Tech
China,Enterprise Tech
United States,Enterprise Tech
Sweden,Enterprise Tech
United States,Healthcare & Life Sciences
United States,Enterprise Tech
United States,Enterprise Tech
Nigeria,Financial Services
United States,Financial Services
United States,Enterprise Tech
United States,Enterprise Tech
United States,Industrials
United States,Healthcare & Life Sciences
United States,Enterprise Tech
United States,Enterprise Tech
United States,Industrials
United States,Media & Entertainment
United States,Enterprise Tech
United States,Financial Services
France,Enterprise Tech
United States,Media & Entertainment
China,Industrials
Canada,Enterprise Tech
China,Industrials
Indonesia,Consumer & Retail
United States,Enterprise Tech
United States,Media & Entertainment
United States,Industrials
China,Consumer & Retail
China,Financial Services
China,Consumer & Retail
China,Industrials
China,Industrials
Spain,Enterprise Tech
Japan,Industrials
China,Consumer & Retail
China,Consumer & Retail
China,Financial Services
Australia,Financial Services
United States,Enterprise Tech
United States,Enterprise Tech
China,Enterprise Tech
China,Enterprise Tech
China,Industrials
United States,Healthcare & Life Sciences
United States,Media & Entertainment
South Korea,Enterprise Tech
Japan,Enterprise Tech
South Korea,Consumer & Retail
United States,Enterprise Tech
South Korea,Media & Entertainment
Ireland,Enterprise Tech
Mexico,Industrials
China,Healthcare & Life Sciences
United States,Consumer & Retail
United States,Enterprise Tech
United States,Insurance
United States,Healthcare & Life Sciences
United Arab Emirates,Consumer & Retail
China,Consumer & Retail
United States,Consumer & Retail
Sweden,Financial Services
Hong Kong,Consumer & Retail
China,Consumer & Retail
United States,Industrials
United States,Healthcare & Life Sciences
Mexico,Financial Services
United States,Enterprise Tech
United States,Media & Entertainment
Indonesia,Consumer & Retail
South Korea,Financial Services
China,Financial Services
United States,Financial Services
Indonesia,Financial Services
Sweden,Healthcare & Life Sciences
China,Media & Entertainment
China,Consumer & Retail
China,Industrials
China,Industrials
Ecuador,Financial Services
South Korea,Consumer & Retail
United States,Enterprise Tech
China,Consumer & Retail
Israel,Enterprise Tech
China,Enterprise Tech
Australia,Financial Services
United States,Enterprise Tech
United States,Enterprise Tech
Canada,Enterprise Tech
India,Consumer & Retail
India,Enterprise Tech
China,Industrials
China,Enterprise Tech
France,Financial Services
United Kingdom,Financial Services
United States,Financial Services
India,Consumer & Retail
United States,Financial Services
United States,Healthcare & Life Sciences
China,Financial Services
China,Media & Entertainment
India,Consumer & Retail
Israel,Media & Entertainment
Thailand,Consumer & Retail
China,Healthcare & Life Sciences
Australia,Media & Entertainment
South Korea,Media & Entertainment
United States,Financial Services
India,Consumer & Retail
United Kingdom,Financial Services
United States,Industrials
United States,Industrials
Brazil,Financial Services
Brazil,Industrials
United States,Enterprise Tech
China,Industrials
United States,Media & Entertainment
United States,Enterprise Tech
United States,Financial Services
Denmark,Financial Services
China,Media & Entertainment
United States,Enterprise Tech
China,Consumer & Retail
France,Financial Services
United States,Healthcare & Life Sciences
United States,Industrials
United States,Financial Services
Brazil,Consumer & Retail
China,Consumer & Retail
United States,Media & Entertainment
United States,Enterprise Tech
China,Media & Entertainment
India,Consumer & Retail
Germany,Financial Services
United States,Healthcare & Life Sciences
China,Consumer & Retail
France,Consumer & Retail
United Kingdom,Insurance
United States,Enterprise Tech
United States,Enterprise Tech
South Korea,Consumer & Retail
Canada,Consumer & Retail
United Kingdom,Insurance
United States,Consumer & Retail
United States,Media & Entertainment
United States,Healthcare & Life Sciences
United States,Financial Services
United States,Industrials
United States,Enterprise Tech
United Kingdom,Enterprise Tech
Singapore,Financial Services
United States,Healthcare & Life Sciences
United States,Enterprise Tech
United States,Healthcare & Life Sciences
China,Healthcare & Life Sciences
France,Media & Entertainment
India,Consumer & Retail
China,Enterprise Tech
South Korea,Enterprise Tech
China,Enterprise Tech
China,Consumer & Retail
United States,Financial Services
India,Consumer & Retail
Mexico,Consumer & Retail
United States,Financial Services
India,Healthcare & Life Sciences
The Netherlands,Enterprise Tech
United States,Enterprise Tech
China,Consumer & Retail
China,Media & Entertainment
China,Healthcare & Life Sciences
China,Financial Services
China,Healthcare & Life Sciences
China,Healthcare & Life Sciences
Switzerland,Healthcare & Life Sciences
United States,Enterprise Tech
China,Enterprise Tech
United States,Enterprise Tech
France,Consumer & Retail
United States,Consumer & Retail
United States,Enterprise Tech
China,Food and Beverage
Egypt,Financial Services
United States,Media & Entertainment
India,Financial Services
India,Media & Entertainment
United States,Financial Services
China,Consumer & Retail
United States,Healthcare & Life Sciences
United States,Financial Services
China,Industrials
Singapore,Industrials
China,Enterprise Tech
India,Healthcare & Life Sciences
The Netherlands,Financial Services
United States,Enterprise Tech
China,Industrials
Vietnam,Financial Services
United States,Enterprise Tech
United Kingdom,Financial Services
China,Financial Services
Israel,Media & Entertainment
United States,Financial Services
China,Enterprise Tech
United States,Enterprise Tech
United States,Industrials
United Kingdom,Industrials
United States,Enterprise Tech
United States,Enterprise Tech
China,Consumer & Retail
Brazil,Enterprise Tech
United Kingdom,Industrials
South Africa,Financial Services
India,Enterprise Tech
Singapore,Enterprise Tech
United Kingdom,Enterprise Tech
United States,Enterprise Tech
South Korea,Consumer & Retail
United States,Media & Entertainment
United States,Financial Services
India,Consumer & Retail
Philippines,Financial Services
United States,Enterprise Tech
United States,Media & Entertainment
Germany,Financial Services
China,Food and Beverage
United States,Healthcare & Life Sciences
United States,Consumer & Retail
United States,Enterprise Tech
South Korea,Media & Entertainment
United States,Enterprise Tech
Brazil,Financial Services
United States,Enterprise Tech
United States,Enterprise Tech
United States,Healthcare & Life Sciences
China,Industrials
United States,Insurance
China,Industrials
United States,Media & Entertainment
United States,Consumer & Retail
United States,Healthcare & Life Sciences
Canada,Industrials
United States,Insurance
Switzerland,Enterprise Tech
United States,Enterprise Tech
Israel,Enterprise Tech
United States,Media & Entertainment
China,Transportation
Singapore,Consumer & Retail
Singapore,Financial Services
China,Industrials
United States,Financial Services
India,Financial Services
United States,Enterprise Tech
United States,Healthcare & Life Sciences
Lithuania,Enterprise Tech
Chile,Consumer & Retail
Mexico,Industrials
Germany,Consumer & Retail
Switzerland,Financial Services
United States,Industrials
Brazil,Consumer & Retail
China,Industrials
United States,Financial Services
United States,Enterprise Tech
United Kingdom,Financial Services
Luxembourg,Industrials
United Kingdom,Enterprise Tech
Belgium,Enterprise Tech
India,Industrials
United States,Enterprise Tech
United States,Consumer & Retail
China,Industrials
United States,Transportation
South Korea,Consumer & Retail
India,Industrials
India,Industrials
Brazil,Consumer & Retail
United States,Healthcare & Life Sciences
Germany,Consumer & Retail
Singapore,Media & Entertainment
Germany,Media & Entertainment
United States,Enterprise Tech
United States,Enterprise Tech
Nigeria,Financial Services
India,Financial Services
United States,Healthcare & Life Sciences
United States,Media & Entertainment
Japan,Financial Services
Israel,Industrials
United States,Enterprise Tech
China,Enterprise Tech
United States,Healthcare & Life Sciences
United States,Enterprise Tech
Israel,Healthcare & Life Sciences
United States,Financial Services
United States,Healthcare & Life Sciences
Germany,Healthcare & Life Sciences
United States,Industrials
Finland,Healthcare & Life Sciences
United States,Enterprise Tech
United States,Consumer & Retail
United States,Enterprise Tech
China,Industrials
United Kingdom,Industrials
United States,Healthcare & Life Sciences
United States,Enterprise Tech
India,Financial Services
United States,Enterprise Tech
United States,Financial Services
United Kingdom,Enterprise Tech
United States,Industrials
United States,Enterprise Tech
China,Media & Entertainment
United States,Enterprise Tech
United States,Enterprise Tech
United States,Healthcare & Life Sciences
United States,Enterprise Tech
Canada,Education
United States,Enterprise Tech
China,Enterprise Tech
United States,Consumer & Retail
China,Consumer & Retail
United States,Media & Entertainment
Singapore,Enterprise Tech
United States,Consumer & Retail
United States,Enterprise Tech
United States,Consumer & Retail
United States,Enterprise Tech
United States,Financial Services
France,Enterprise Tech
United Kingdom,Enterprise Tech
United States,Financial Services
India,Consumer & Retail
United States,Enterprise Tech
Israel,Enterprise Tech
United States,Enterprise Tech
United States,Enterprise Tech
United States,Food and Beverage
United States,Enterprise Tech
Germany,Enterprise Tech
Australia,Consumer & Retail
United States,Financial Services
United States,Consumer & Retail
India,Healthcare & Life Sciences
United States,Enterprise Tech
India,Consumer & Retail
United States,Media & Entertainment
United States,Financial Services
India,Financial Services
China,Healthcare & Life Sciences
United States,Financial Services
United States,Agricultural
United States,Financial Services
United States,Consumer & Retail
Ireland,Financial Services
Japan,Media & Entertainment
United States,Agricultural
Denmark,Enterprise Tech
United States,Industrials
United States,Transportation
United States,Consumer & Retail
Canada,Healthcare & Life Sciences
Hong Kong,Consumer & Retail
Sweden,Enterprise Tech
Indonesia,Enterprise Tech
United States,Industrials
United States,Enterprise Tech
United Kingdom,Financial Services
Japan,Industrials
United States,Consumer & Retail
India,Healthcare & Life Sciences
United States,Consumer & Retail
United States,Enterprise Tech
United States,Enterprise Tech
Taiwan,Enterprise Tech
United States,Industrials
United States,Healthcare & Life Sciences
United States,Enterprise Tech
United States,Enterprise Tech
United States,Financial Services
India,Consumer & Retail
China,Agricultural
China,Insurance
China,Industrials
China,Enterprise Tech
China,Transportation
China,Enterprise Tech
Germany,Financial Services
France,Enterprise Tech
United States,Financial Services
United Kingdom,Enterprise Tech
United States,Enterprise Tech
Singapore,Industrials
India,Financial Services
Brazil,Consumer & Retail
United States,Enterprise Tech
United States,Media & Entertainment
United States,Healthcare & Life Sciences
United States,Industrials
United Kingdom,Financial Services
Germany,Financial Services
Japan,Enterprise Tech
United States,Enterprise Tech
United States,Enterprise Tech
Colombia,Consumer & Retail
Germany,Consumer & Retail
India,Financial Services
India,Consumer & Retail
United States,Industrials
United States,Media & Entertainment
United States,Enterprise Tech
Spain,Industrials
United States,Media & Entertainment
United States,Healthcare & Life Sciences
United States,Enterprise Tech
United States,Industrials
United States,Industrials
United States,Healthcare & Life Sciences
United States,Industrials
United States,Enterprise Tech
Finland,Consumer & Retail
United States,Enterprise Tech
United States,Enterprise Tech
Norway,Consumer & Retail
United States,Enterprise Tech
United States,Enterprise Tech
United States,Healthcare & Life Sciences
United States,Consumer & Retail
United States,Enterprise Tech
Philippines,Industrials
South Korea,Media & Entertainment
United States,Healthcare & Life Sciences
Croatia,Industrials
India,Industrials
United States,Healthcare & Life Sciences
Czech Republic,Consumer & Retail
United States,Enterprise Tech
United States,Consumer & Retail
China,Industrials
United States,Financial Services
China,Industrials
United States,Consumer & Retail
United States,Industrials
China,Industrials
China,Enterprise Tech
United States,Enterprise Tech
China,Healthcare & Life Sciences
China,Industrials
United States,Media & Entertainment
China,Industrials
Australia,Industrials
China,Transportation
United States,Consumer & Retail
United States,Consumer & Retail
United States,Enterprise Tech
United States,Enterprise Tech
Italy,Financial Services
United States,Consumer & Retail
Denmark,Financial Services
Germany,Financial Services
Italy,Financial Services
United States,Enterprise Tech
Switzerland,Enterprise Tech
China,Healthcare & Life Sciences
Seychelles,Financial Services
China,Enterprise Tech
United States,Media & Entertainment
United States,Enterprise Tech
United States,Enterprise Tech
United States,Enterprise Tech
Germany,Consumer & Retail
China,Transportation
Canada,Agricultural
United States,Enterprise Tech
United States,Enterprise Tech
Germany,Industrials
United States,Enterprise Tech
China,Industrials
India,Media & Entertainment
United States,Industrials
France,Insurance
United States,Healthcare & Life Sciences
United States,Consumer & Retail
United States,Industrials
India,Consumer & Retail
China,Transportation
United States,Financial Services
United States,Healthcare & Life Sciences
United States,Industrials
China,Transportation
United States,Enterprise Tech
United States,Enterprise Tech
United States,Enterprise Tech
United States,Financial Services
United States,Consumer & Retail
United States,Industrials
Israel,Media & Entertainment
United States,Enterprise Tech
China,Transportation
China,Healthcare & Life Sciences
United States,Enterprise Tech
China,Industrials
United States,Consumer & Retail
China,Industrials
Vietnam,Media & Entertainment
United States,Media & Entertainment
United States,Industrials
India,Financial Services
United States,Financial Services
Japan,Enterprise Tech
China,Consumer & Retail
China,Industrials
Japan,Media & Entertainment
United States,Enterprise Tech
India,Consumer & Retail
United States,Financial Services
United States,Enterprise Tech
United States,Enterprise Tech
United States,Enterprise Tech
United States,Financial Services
Germany,Financial Services
United States,Enterprise Tech
United States,Industrials
United States,Healthcare & Life Sciences
Switzerland,Enterprise Tech
United States,Healthcare & Life Sciences
France,Media & Entertainment
China,Transportation
China,Industrials
United States,Enterprise Tech
China,Education
United States,Enterprise Tech
France,Enterprise Tech
Japan,Industrials
India,Industrials
United States,Enterprise Tech
United States,Financial Services
United States,Financial Services
United States,Healthcare & Life Sciences
China,Education
Canada,Consumer & Retail
United Kingdom,Enterprise Tech
Germany,Enterprise Tech
United States,Consumer & Retail
China,Industrials
United States,Enterprise Tech
Israel,Enterprise Tech
United Kingdom,Financial Services
United States,Financial Services
United States,Financial Services
Saudi Arabia,Financial Services
United States,Consumer & Retail
United States,Industrials
Israel,Industrials
Mexico,Financial Services
United States,Healthcare & Life Sciences
United States,Enterprise Tech
United Kingdom,Financial Services
United States,Financial Services
China,Consumer & Retail
China,Transportation
China,Industrials
United States,Consumer & Retail
France,Enterprise Tech
United States,Healthcare & Life Sciences
United States,Financial Services
United States,Enterprise Tech
United Kingdom,Enterprise Tech
United States,Enterprise Tech
China,Transportation
United Arab Emirates,Financial Services
United States,Enterprise Tech
United States,Financial Services
United States,Enterprise Tech
China,Media & Entertainment
United States,Industrials
India,Transportation
United States,Financial Services
Germany,Financial Services
Japan,Industrials
United States,Enterprise Tech
United States,Healthcare & Life Sciences
United States,Consumer & Retail
United States,Industrials
China,Industrials
United States,Enterprise Tech
United States,Enterprise Tech
United States,Healthcare & Life Sciences
China,Healthcare & Life Sciences
China,Enterprise Tech
Canada,Enterprise Tech
United States,Transportation
China,Industrials
United States,Industrials
United States,Healthcare & Life Sciences
United Kingdom,Financial Services
China,Enterprise Tech
United States,Media & Entertainment
United Kingdom,Financial Services
United States,Industrials
United States,Enterprise Tech
Vietnam,Consumer & Retail
United States,Insurance
United Kingdom,Consumer & Retail
United States,Healthcare & Life Sciences
United Kingdom,Financial Services
United States,Enterprise Tech
United States,Consumer & Retail
China,Industrials
China,Industrials
Germany,Industrials
United States,Enterprise Tech
United States,Enterprise Tech
United States,Enterprise Tech
China,Enterprise Tech
China,Enterprise Tech
South Korea,Financial Services
South Korea,Financial Services
United Kingdom,Insurance
Germany,Financial Services
United States,Enterprise Tech
United Kingdom,Financial Services
United States,Healthcare & Life Sciences
Ireland,Financial Services
United States,Enterprise Tech
Indonesia,Consumer & Retail
Spain,Enterprise Tech
Singapore,Consumer & Retail
China,Consumer & Retail
United States,Financial Services
United States,Healthcare & Life Sciences
South Korea,Industrials
United States,Media & Entertainment
United Kingdom,Media & Entertainment
United Kingdom,Financial Services
United States,Healthcare & Life Sciences
Canada,Financial Services
United States,Financial Services
Austria,Enterprise Tech
China,Industrials
China,Consumer & Retail
United States,Enterprise Tech
United States,Industrials
United States,Transportation
United States,Enterprise Tech
Argentina,Financial Services
United States,Transportation
India,Consumer & Retail
United States,Enterprise Tech
United States,Healthcare & Life Sciences
India,Consumer & Retail
Brazil,Enterprise Tech
United States,Enterprise Tech
China,Enterprise Tech
United States,Financial Services
United States,Financial Services
United States,Healthcare & Life Sciences
United States,Insurance
United States,Media & Entertainment
India,Consumer & Retail
United States,Financial Services
United States,Industrials
United States,Consumer & Retail
United States,Consumer & Retail
India,Financial Services
United States,Industrials
India,Consumer & Retail
United States,Enterprise Tech
United States,Consumer & Retail
China,Consumer & Retail
United States,Enterprise Tech
United States,Financial Services
United States,Enterprise Tech
Israel,Industrials
United States,Healthcare & Life Sciences
United States,Enterprise Tech
India,Consumer & Retail
France,Consumer & Retail
United States,Consumer & Retail
United States,Enterprise Tech
United States,Enterprise Tech
United States,Enterprise Tech
United States,Enterprise Tech
Estonia,Enterprise Tech
United States,Healthcare & Life Sciences
United States,Industrials
France,Industrials
India,Media & Entertainment
France,Consumer & Retail
Israel,Enterprise Tech
United States,Industrials
United States,Media & Entertainment
United States,Enterprise Tech
Lithuania,Consumer & Retail
China,Consumer & Retail
United States,Healthcare & Life Sciences
United States,Healthcare & Life Sciences
United States,Financial Services
Canada,Enterprise Tech
United States,Transportation
China,Industrials
Greece,Financial Services
United States,Healthcare & Life Sciences
Vietnam,Media & Entertainment
Vietnam,Enterprise Tech
Sweden,Industrials
Germany,Industrials
France,Media & Entertainment
Philippines,Financial Services
Japan,Industrials
United States,Financial Services
United States,Industrials
United States,Consumer & Retail
China,Consumer & Retail
United States,Enterprise Tech
United States,Enterprise Tech
Senegal,Financial Services
Ireland,Financial Services
United Kingdom,Industrials
United States,Financial Services
Canada,Financial Services
China,Financial Services
United States,Enterprise Tech
China,Healthcare & Life Sciences
United States,Consumer & Retail
Germany,Insurance
China,Enterprise Tech
United States,Enterprise Tech
Hong Kong,Financial Services
China,Transportation
China,Consumer & Retail
China,Industrials
China,Industrials
United States,Consumer & Retail
United States,Healthcare & Life Sciences
China,Enterprise Tech
Brazil,Media & Entertainment
United States,Healthcare & Life Sciences
United States,Industrials
China,Consumer & Retail
United States,Enterprise Tech
United States,Enterprise Tech
Ireland,Enterprise Tech
United States,Industrials
Germany,Financial Services
United States,Media & Entertainment
Canada,Enterprise Tech
Indonesia,Financial Services
China,Enterprise Tech
China,Enterprise Tech
China,Media & Entertainment
China,Consumer & Retail
China,Media & Entertainment
China,Industrials
China,Consumer & Retail
United States,Industrials
India,Consumer & Retail
United States,Healthcare & Life Sciences
China,Financial Services
The Netherlands,Transportation
South Korea,Consumer & Retail
China,Healthcare & Life Sciences
China,Industrials
China,Transportation
China,Media & Entertainment
China,Consumer & Retail
China,Industrials
China,Consumer & Retail
United States,Enterprise Tech
China,Enterprise Tech
United States,Consumer & Retail
France,Financial Services
China,Industrials
India,Financial Services
United States,Media & Entertainment
United States,Enterprise Tech
China,Transportation
China,Consumer & Retail
China,Enterprise Tech
China,Enterprise Tech
China,Industrials
United States,Enterprise Tech
United States,Financial Services
United Kingdom,Insurance
United States,Enterprise Tech
United States,Consumer & Retail
India,Consumer & Retail
United Kingdom,Financial Services
United States,Financial Services
India,Industrials
China,Industrials
China,Industrials
China,Industrials
China,Industrials
China,Enterprise Tech
China,Industrials
China,Consumer & Retail
China,Enterprise Tech
South Korea,Financial Services
China,Consumer & Retail
United Kingdom,Financial Services
United States,Enterprise Tech
United States,Industrials
China,Consumer & Retail
United States,Healthcare & Life Sciences
China,Industrials
United Kingdom,Financial Services
United States,Healthcare & Life Sciences
India,Enterprise Tech
United States,Financial Services
United Kingdom,Consumer & Retail
China,Enterprise Tech
India,Enterprise Tech
United States,Healthcare & Life Sciences
United States,Enterprise Tech
China,Financial Services
United States,Enterprise Tech
United States,Enterprise Tech
France,Enterprise Tech
The Netherlands,Enterprise Tech
Singapore,Industrials
Israel,Enterprise Tech
China,Enterprise Tech
China,Enterprise Tech
China,Industrials
Saudi Arabia,Financial Services
United States,Financial Services
Cayman Islands,Enterprise Tech
