Cluster,Lead Investors Include,Industry
0,Kai-Fu Lee,Enterprise Tech
5,Lightspeed Venture Partners,Media & Entertainment
0,Amber Group,Enterprise Tech
7,Haoteng Asia,Industrials
7,2150,Industrials
5,Tata Digital,Healthcare & Life Sciences
0,ICONIQ Growth,Enterprise Tech
2,Marshall Wace,Financial Services
0,MercadoLibre,Enterprise Tech
6,Multiple Investors,Financial Services
0,Multiple Investors,Consumer & Retail
0,SRAM & MRAM,Enterprise Tech
0,Multiple Investors,Enterprise Tech
0,Multiple Investors,Media & Entertainment
0,Multiple Investors,Enterprise Tech
7,T. Rowe Price,Industrials
0,CrowdStrike Falcon Fund,Enterprise Tech
3,Bestseller,Consumer & Retail
0,Barings,Insurance
0,General Atlantic,Insurance
2,TPG,Financial Services
0,BlackRock,Enterprise Tech
1,Tiger Global Management,Enterprise Tech
0,Spark Capital,Enterprise Tech
2,D1 Capital Partners,Financial Services
0,Multiple Investors,Enterprise Tech
6,Multiple Investors,Financial Services
0,Multiple Investors,Enterprise Tech
3,TPG,Consumer & Retail
0,Multiple Investors,Insurance
2,SoftBank Vision Fund,Industrials
0,Multiple Investors,Enterprise Tech
0,Xiaomi,Enterprise Tech
0,Tiantu Capital,Enterprise Tech
0,Multiple Investors,Enterprise Tech
0,HubSpot Ventures,Enterprise Tech
0,G Squared,Enterprise Tech
0,Mastercard,Enterprise Tech
6,Multiple Investors,Financial Services
0,Eurazeo,Enterprise Tech
7,Fujian Dongbai (Group),Industrials
2,DST Global,Financial Services
2,Mitsubishi UFJ Financial Group,Financial Services
5,Teachers Venture Growth,Healthcare & Life Sciences
0,NTT DOCOMO Ventures,Enterprise Tech
5,Lightspeed Venture Partners,Healthcare & Life Sciences
0,SoftBank Vision Fund,Enterprise Tech
0,Snap,Enterprise Tech
0,Lone Pine Capital,Enterprise Tech
0,Multiple Investors,Media & Entertainment
0,YF Capital,Enterprise Tech
6,Multiple Investors,Financial Services
5,Sailing Capital,Healthcare & Life Sciences
0,Bond,Enterprise Tech
0,General Atlantic,Media & Entertainment
7,Arjun Infrastructure Partners,Industrials
2,Fenbushi Capital,Financial Services
2,WestCap,Financial Services
0,HighSage Ventures,Enterprise Tech
7,Blackstone Group,Industrials
2,Kohlberg Kravis Roberts,Financial Services
0,SoftBank Vision Fund,Enterprise Tech
7,Valor Equity Partners,Industrials
0,Multiple Investors,Enterprise Tech
7,Multiple Investors,Industrials
0,NEOM,Enterprise Tech
0,Multiple Investors,Consumer & Retail
0,Google,Enterprise Tech
0,Multiple Investors,Enterprise Tech
3,Temasek Holdings,Consumer & Retail
1,Tiger Global Management,Enterprise Tech
0,Insight Partners,Enterprise Tech
3,Bain Capital Ventures,Consumer & Retail
0,Caisse de Depot et Placement du Quebec,Enterprise Tech
7,Multiple Investors,Industrials
3,Ontario Teachers' Pension Plan,Consumer & Retail
0,Salesforce Ventures,Enterprise Tech
0,Charlesbank Capital Partners,Enterprise Tech
0,Binance Labs,Enterprise Tech
0,Multiple Investors,Consumer & Retail
0,Shenzhen Capital Group,Enterprise Tech
0,Capital One Ventures,Enterprise Tech
0,Magnetar Capital,Enterprise Tech
0,Owl Rock Capital,Enterprise Tech
0,One Equity Partners,Enterprise Tech
0,Canada Pension Plan Investment Board,Enterprise Tech
5,Temasek Holdings,Healthcare & Life Sciences
0,General Atlantic,Enterprise Tech
0,Multiple Investors,Enterprise Tech
7,Multiple Investors,Industrials
0,Charoen Pokphand Group,Enterprise Tech
3,Advent International,Consumer & Retail
7,Vista Equity Partners,Industrials
0,Fidelity Management and Research Company,Enterprise Tech
7,Andreessen Horowitz,Industrials
7,Yunhao Capital,Industrials
0,ION Crossover Partners,Insurance
5,Alpha Wave Global,Healthcare & Life Sciences
0,Multiple Investors,Media & Entertainment
0,Coatue,Enterprise Tech
7,Baker Hughes,Industrials
3,Robert Downey Jr.,Consumer & Retail
7,Multiple Investors,Industrials
0,Multiple Investors,Enterprise Tech
0,Multiple Investors,Media & Entertainment
7,SoftBank Corp.,Industrials
0,Multiple Investors,Enterprise Tech
2,Ares Management,Financial Services
0,Multiple Investors,Healthcare & Life Sciences
2,WestCap,Financial Services
0,TCV,Enterprise Tech
3,Wellington Management,Consumer & Retail
0,Crypto.com Capital,Enterprise Tech
7,Multiple Investors,Industrials
0,Accel,Enterprise Tech
7,Multiple Investors,Industrials
6,Multiple Investors,Financial Services
3,Sprints,Consumer & Retail
2,Motive Partners,Financial Services
0,Multiple Investors,Enterprise Tech
7,SDIC Fund Management,Industrials
0,Teachers Venture Growth,Enterprise Tech
0,Multiple Investors,Consumer & Retail
7,Chengtong Mixed Reform,Industrials
0,Multiple Investors,Enterprise Tech
0,Multiple Investors,Healthcare & Life Sciences
0,Mingde Holdings,Enterprise Tech
3,Ardian,Consumer & Retail
7,Multiple Investors,Industrials
0,Glade Brook Capital Partners,Enterprise Tech
2,Treasury,Financial Services
0,Multiple Investors,Enterprise Tech
0,Evolution Equity Partners,Enterprise Tech
0,Goldman Sachs,Insurance
2,Canada Pension Plan Investment Board,Financial Services
1,Tiger Global Management,Financial Services
0,Multiple Investors,Consumer & Retail
0,ServiceNow,Enterprise Tech
0,Multiple Investors,Enterprise Tech
2,Left Lane Capital,Financial Services
6,Multiple Investors,Financial Services
6,Multiple Investors,Financial Services
0,Bain Capital Tech Opportunities,Enterprise Tech
5,Serum Life Sciences,Healthcare & Life Sciences
5,Intel Capital,Healthcare & Life Sciences
0,Multiple Investors,Enterprise Tech
0,Korelya Capital,Enterprise Tech
6,Multiple Investors,Financial Services
2,Valar Ventures,Financial Services
0,Moody's Investors Service,Enterprise Tech
6,Multiple Investors,Financial Services
3,IFC,Consumer & Retail
7,Dongfeng Asset Management,Industrials
7,Multiple Investors,Industrials
6,Multiple Investors,Financial Services
2,Kingsway Capital,Financial Services
3,Goldman Sachs Asset Management,Consumer & Retail
3,Georgian,Consumer & Retail
7,Zhongping Capital,Industrials
0,Liberty Strategic Capital,Enterprise Tech
3,Qualcomm Ventures,Consumer & Retail
0,Valour,Enterprise Tech
7,Multiple Investors,Industrials
0,LeapFrog Investments,Insurance
7,Momentum Ventures,Industrials
7,Multiple Investors,Industrials
5,NEC Corporation,Healthcare & Life Sciences
7,Fidelity Management and Research Company,Industrials
0,New Enterprise Associates,Enterprise Tech
0,Weatherford Capital,Insurance
3,TSG Consumer Partners,Consumer & Retail
0,Insight Partners,Enterprise Tech
0,Bond,Enterprise Tech
2,Citi,Financial Services
2,Pollen Street Capital,Financial Services
7,Multiple Investors,Industrials
7,Marubeni,Industrials
2,Third Point Ventures,Financial Services
2,JP Morgan Chase,Financial Services
7,Mutua Madrileña,Industrials
5,Coatue,Healthcare & Life Sciences
2,Hamilton Lane,Financial Services
0,Multiple Investors,Enterprise Tech
0,OpenView,Enterprise Tech
5,Lightspeed Venture Partners,Healthcare & Life Sciences
0,SDIC Venture Capital,Enterprise Tech
2,SoftBank Vision Fund,Insurance
0,Headline,Media & Entertainment
6,Multiple Investors,Financial Services
7,Guangzhou Industrial Investment Group,Industrials
7,Suzhou Xiangcheng Financial Holding Group,Industrials
6,Multiple Investors,Financial Services
5,Durable Capital Partners,Healthcare & Life Sciences
0,Multiple Investors,Enterprise Tech
7,Multiple Investors,Industrials
5,CVS Health Ventures,Healthcare & Life Sciences
7,LeapFrog Investments,Industrials
5,Oak HC/FT,Healthcare & Life Sciences
7,Multiple Investors,Industrials
0,Goldman Sachs,Insurance
5,Sixth Street,Healthcare & Life Sciences
3,GoTo Group,Consumer & Retail
7,ZA Tech,Industrials
7,Alpha Wave Global,Industrials
7,Multiple Investors,Industrials
2,Bain Capital,Financial Services
3,Legacy Knight,Consumer & Retail
2,Silver Lake,Financial Services
0,Lightspeed Venture Partners,Enterprise Tech
5,Memorial Hermann Foundation,Healthcare & Life Sciences
0,OKX Ventures,Enterprise Tech
2,SoftBank Vision Fund,Healthcare & Life Sciences
0,Alpha Wave Ventures,Enterprise Tech
0,Multiple Investors,Enterprise Tech
2,GIC,Financial Services
0,Andreessen Horowitz,Media & Entertainment
6,Multiple Investors,Financial Services
0,Durable Capital Partners,Enterprise Tech
3,ZHEFU Holding,Consumer & Retail
1,Tiger Global Management,Enterprise Tech
3,CapitalG,Consumer & Retail
2,Everbright-IDG Industrial Fund,Financial Services
0,Orient Securities Capital Investment,Enterprise Tech
7,Multiple Investors,Industrials
7,Oceanpine Capital,Industrials
2,Alameda Research,Financial Services
3,G Squared,Consumer & Retail
3,Cristiano Ronaldo,Consumer & Retail
0,Multiple Investors,Enterprise Tech
3,DST Global,Consumer & Retail
2,Coinbase,Financial Services
0,Greenspring Associates,Enterprise Tech
3,SC.Holdings,Consumer & Retail
5,SoftBank,Healthcare & Life Sciences
2,GGV Capital,Financial Services
0,Blackstone Group,Enterprise Tech
2,SoftBank Vision Fund,Healthcare & Life Sciences
0,Multiple Investors,Enterprise Tech
3,Tencent,Consumer & Retail
7,Multiple Investors,Industrials
2,Prysm Capital,Financial Services
6,Multiple Investors,Financial Services
2,Eldridge,Financial Services
0,Thrive Capital,Enterprise Tech
0,Multiple Investors,Enterprise Tech
7,Multiple Investors,Industrials
0,Multiple Investors,Enterprise Tech
6,Multiple Investors,Financial Services
5,Sequoia Capital,Healthcare & Life Sciences
0,Goldman Sachs Asset Management,Enterprise Tech
0,Multiple Investors,Media & Entertainment
2,Coatue,Financial Services
0,Multiple Investors,Enterprise Tech
0,Andreessen Horowitz,Media & Entertainment
7,Multiple Investors,Industrials
0,Multiple Investors,Healthcare & Life Sciences
0,Multiple Investors,Insurance
0,Greenoaks,Enterprise Tech
0,Ontario Teachers' Pension Plan,Enterprise Tech
6,Multiple Investors,Financial Services
7,TCV,Industrials
0,Inovia Capital,Enterprise Tech
0,Multiple Investors,Enterprise Tech
6,Multiple Investors,Financial Services
6,Multiple Investors,Financial Services
6,Multiple Investors,Financial Services
2,Accel,Financial Services
5,Health Care Service Corporation,Healthcare & Life Sciences
0,Multiple Investors,Enterprise Tech
0,Multiple Investors,Healthcare & Life Sciences
5,US Innovative Technology Fund,Healthcare & Life Sciences
4,SoftBank Vision Fund,Consumer & Retail
0,Accel,Enterprise Tech
1,Tiger Global Management,Industrials
0,Multiple Investors,Healthcare & Life Sciences
0,JPMorgan Partners,Enterprise Tech
5,Sixth Street,Healthcare & Life Sciences
0,ParaFi Capital,Enterprise Tech
0,Multiple Investors,Consumer & Retail
1,Tiger Global Management,Enterprise Tech
0,Sixth Street,Enterprise Tech
0,Liberty Strategic Capital,Enterprise Tech
0,Baidu,Media & Entertainment
0,Insight Partners,Enterprise Tech
0,Multiple Investors,Enterprise Tech
0,Magnetar Capital,Enterprise Tech
0,China Development Bank,Enterprise Tech
3,Wellington Management,Consumer & Retail
2,GIC,Financial Services
2,Andbank,Financial Services
1,Tiger Global Management,Enterprise Tech
1,Tiger Global Management,Enterprise Tech
6,Multiple Investors,Financial Services
7,G2 Venture Partners,Industrials
0,Multiple Investors,Enterprise Tech
2,Andreessen Horowitz,Financial Services
0,Multiple Investors,Enterprise Tech
0,Multiple Investors,Consumer & Retail
2,Carrick Capital Partners,Financial Services
2,Sinar Mas Group,Financial Services
0,Coatue,Media & Entertainment
0,State Bank of India,Enterprise Tech
0,Wellington Management,Enterprise Tech
0,Fidelity,Enterprise Tech
0,Multiple Investors,Enterprise Tech
0,GS Growth,Enterprise Tech
0,Altimeter Capital,Enterprise Tech
0,Multiple Investors,Consumer & Retail
0,IVP,Enterprise Tech
0,Alibaba Group,Enterprise Tech
0,Multiple Investors,Enterprise Tech
0,Multiple Investors,Consumer & Retail
0,Kleiner Perkins,Enterprise Tech
5,Mérieux Equity Partners,Healthcare & Life Sciences
0,Eurazeo,Enterprise Tech
0,Multiple Investors,Consumer & Retail
0,Multiple Investors,Enterprise Tech
0,ICONIQ Growth,Enterprise Tech
7,Multiple Investors,Industrials
6,Multiple Investors,Financial Services
7,Multiple Investors,Industrials
7,Guangzhou Automobile Group,Industrials
0,Peak XV Partners,Insurance
5,Optum Ventures,Healthcare & Life Sciences
0,Insight Partners,Media & Entertainment
7,Hexagon,Industrials
6,Multiple Investors,Financial Services
7,Accel,Industrials
7,Industrial Bank,Industrials
6,Multiple Investors,Financial Services
0,Bain Capital Ventures,Enterprise Tech
0,Multiple Investors,Healthcare & Life Sciences
5,Eurazeo,Healthcare & Life Sciences
0,Zeev Ventures,Media & Entertainment
0,Zeus Entertainment,Enterprise Tech
7,WestCap,Industrials
0,Multiple Investors,Enterprise Tech
0,Index Ventures,Media & Entertainment
0,Multiple Investors,Media & Entertainment
0,Adams Street Partners,Enterprise Tech
0,D2 Investments,Enterprise Tech
6,Multiple Investors,Financial Services
3,57 Stars,Consumer & Retail
0,Caisse de Depot et Placement du Quebec,Enterprise Tech
0,Multiple Investors,Enterprise Tech
2,TPG,Financial Services
3,Affinity Partners,Consumer & Retail
0,Multiple Investors,Enterprise Tech
0,Coatue,Enterprise Tech
3,D1 Capital Partners,Consumer & Retail
5,Trustbridge Partners,Healthcare & Life Sciences
0,Insight Partners,Insurance
0,Multiple Investors,Consumer & Retail
2,Advent International,Financial Services
7,Sequoia Capital China,Industrials
0,Multiple Investors,Enterprise Tech
7,G42 Expansion Fund,Industrials
0,SoftBank Vision Fund,Enterprise Tech
7,Multiple Investors,Industrials
0,Harmonic Growth Partners,Enterprise Tech
7,Multiple Investors,Industrials
7,Siemens Financial Services,Industrials
0,Multiple Investors,Healthcare & Life Sciences
2,H Capital Advance,Financial Services
0,Sixth Street,Enterprise Tech
2,TCV,Financial Services
2,Lightspeed Venture Partners,Financial Services
0,Multiple Investors,Enterprise Tech
7,Multiple Investors,Industrials
7,Multiple Investors,Industrials
0,Multiple Investors,Enterprise Tech
0,Brookfield Growth,Enterprise Tech
0,Multiple Investors,Media & Entertainment
7,T. Rowe Price,Industrials
5,Nordic Capital,Healthcare & Life Sciences
0,BDT & MSD Partners,Enterprise Tech
0,Multiple Investors,Enterprise Tech
0,Multiple Investors,Enterprise Tech
0,Multiple Investors,Enterprise Tech
2,SoftBank Vision Fund,Financial Services
7,Multiple Investors,Industrials
0,Wanda E-Commerce,Enterprise Tech
2,SoftBank Vision Fund,Insurance
2,China Minsheng Financial Holdings,Financial Services
7,Multiple Investors,Industrials
0,TPG Growth,Enterprise Tech
5,Trish Costello,Healthcare & Life Sciences
5,New Enterprise Associates,Healthcare & Life Sciences
0,Multiple Investors,Healthcare & Life Sciences
0,Owl Rock Capital,Enterprise Tech
7,Goldman Sachs Asset Management,Industrials
0,Multiple Investors,Enterprise Tech
2,SoftBank Vision Fund,Insurance
0,Multiple Investors,Enterprise Tech
4,SoftBank Vision Fund,Consumer & Retail
3,Milano Investment Partners SGR,Consumer & Retail
4,SoftBank Vision Fund,Consumer & Retail
3,Temasek Holdings,Consumer & Retail
0,Multiple Investors,Enterprise Tech
0,Atomico,Enterprise Tech
6,Multiple Investors,Financial Services
0,Multiple Investors,Consumer & Retail
7,Fidelity Management and Research Company,Industrials
2,Conexo Ventures,Financial Services
0,DST Global,Enterprise Tech
0,Multiple Investors,Enterprise Tech
3,Hamilton Lane,Consumer & Retail
0,Goldman Sachs,Media & Entertainment
2,Thoma Bravo,Financial Services
0,Multiple Investors,Enterprise Tech
6,Multiple Investors,Financial Services
0,Alkeon Capital,Enterprise Tech
7,AE Industrial Partners,Industrials
3,PremjiInvest,Consumer & Retail
3,CCB International,Consumer & Retail
0,Multiple Investors,Healthcare & Life Sciences
0,Andreessen Horowitz,Enterprise Tech
7,Vista Equity Partners,Industrials
7,Buer Capital,Industrials
0,Paradigm,Enterprise Tech
7,Multiple Investors,Industrials
7,BlackRock,Industrials
7,Shopify,Industrials
3,DoorDash,Consumer & Retail
3,Tencent,Consumer & Retail
3,Canyon Partners,Consumer & Retail
2,SoftBank Vision Fund,Industrials
1,Tiger Global Management,Consumer & Retail
2,Meritech Capital Partners,Financial Services
2,Andreessen Horowitz,Financial Services
2,B Capital,Financial Services
0,WestCap,Enterprise Tech
7,Multiple Investors,Industrials
2,SoftBank Vision Fund,Industrials
0,Kora,Media & Entertainment
1,Tiger Global Management,Enterprise Tech
7,Disruptive,Industrials
0,Multiple Investors,Healthcare & Life Sciences
0,Mitsui & Co,Enterprise Tech
2,MacRitchie Investments,Financial Services
0,TPG Capital Asia,Enterprise Tech
5,Roche,Healthcare & Life Sciences
0,Accomplice,Enterprise Tech
0,Multiple Investors,Enterprise Tech
7,Multiple Investors,Industrials
7,Multiple Investors,Industrials
0,Permira,Enterprise Tech
2,Gopher Asset Management,Financial Services
2,Healthcare of Ontario Pension Plan (HOOPP),Financial Services
0,Guizhou Innovation Empowerment Big Data Investment Fund,Enterprise Tech
0,Multiple Investors,Enterprise Tech
0,Mubadala,Enterprise Tech
7,Multiple Investors,Industrials
7,CCB International,Industrials
0,Malabar Investment Advisors,Media & Entertainment
2,Ribbit Capital,Financial Services
7,Jintuo Capital,Industrials
7,CPE,Industrials
3,Insight Partners,Consumer & Retail
0,ICONIQ Growth,Enterprise Tech
2,Draper Dragon,Financial Services
5,Flagship Pioneering,Healthcare & Life Sciences
0,Silver Lake,Media & Entertainment
0,Multiple Investors,Enterprise Tech
7,Pelham Capital,Industrials
3,Blue Pool Capital,Consumer & Retail
2,Reliance Jio,Financial Services
0,Sequoia Capital,Enterprise Tech
0,Insight Partners,Enterprise Tech
3,PremjiInvest,Consumer & Retail
3,Lone Pine Capital,Consumer & Retail
7,Multiple Investors,Industrials
0,Insight Partners,Enterprise Tech
3,Park West Asset Management,Consumer & Retail
2,Permira,Financial Services
0,Multiple Investors,Enterprise Tech
1,Tiger Global Management,Enterprise Tech
7,Multiple Investors,Industrials
0,Franklin Templeton Investments,Enterprise Tech
0,Multiple Investors,Consumer & Retail
3,Prosus & Naspers,Consumer & Retail
4,SoftBank Vision Fund,Consumer & Retail
3,Goldman Sachs,Consumer & Retail
0,Vista Credit Partners,Enterprise Tech
2,Hanwha Asset Management,Financial Services
7,Multiple Investors,Industrials
0,GIC,Enterprise Tech
0,Ontario Teachers' Pension Plan,Enterprise Tech
2,Andreessen Horowitz,Financial Services
0,Multiple Investors,Enterprise Tech
7,Earth Venture Capital,Industrials
3,Energy Impact Partners,Consumer & Retail
2,ICONIQ Growth,Financial Services
3,301,Consumer & Retail
3,BlackRock Private Equity Partners,Consumer & Retail
7,SAIC Venture Capital,Industrials
2,General Atlantic,Financial Services
0,Wellington Management,Enterprise Tech
0,Multiple Investors,Consumer & Retail
1,Tiger Global Management,Enterprise Tech
0,Multiple Investors,Healthcare & Life Sciences
3,General Atlantic,Consumer & Retail
7,Multiple Investors,Industrials
0,Commonwealth Bank of Australia,Enterprise Tech
6,Multiple Investors,Financial Services
0,SK Telecom,Media & Entertainment
7,Capital Today,Industrials
5,Warburg Pincus,Healthcare & Life Sciences
0,Multiple Investors,Enterprise Tech
0,Multiple Investors,Enterprise Tech
7,Bank of China Group Investment,Industrials
2,Anthemis Group,Financial Services
0,Norwest Venture Partners,Enterprise Tech
3,STORY3 Capital Partners,Consumer & Retail
0,Greenoaks,Enterprise Tech
0,Multiple Investors,Consumer & Retail
0,Atlassian Ventures,Enterprise Tech
0,Spark Capital,Enterprise Tech
5,Hildred Capital Partners,Healthcare & Life Sciences
5,Bain Capital Life Sciences,Healthcare & Life Sciences
7,Sam Altman,Industrials
0,Multiple Investors,Enterprise Tech
7,Multiple Investors,Industrials
0,General Catalyst,Enterprise Tech
0,Multiple Investors,Consumer & Retail
0,Multiple Investors,Consumer & Retail
0,Multiple Investors,Enterprise Tech
6,Multiple Investors,Financial Services
0,Multiple Investors,Enterprise Tech
0,Jump Crypto,Media & Entertainment
0,Multiple Investors,Healthcare & Life Sciences
0,Multiple Investors,Enterprise Tech
0,Glynn Capital Management,Enterprise Tech
0,Multiple Investors,Consumer & Retail
7,Ginko Ventures,Industrials
2,Zeev Ventures,Financial Services
1,Tiger Global Management,Enterprise Tech
5,Baillie Gifford,Healthcare & Life Sciences
0,Multiple Investors,Enterprise Tech
3,Capital One Ventures,Consumer & Retail
7,Chery Automobile,Industrials
3,Telescope Partners,Consumer & Retail
3,TCV,Consumer & Retail
3,ICONIQ Growth,Consumer & Retail
7,Multiple Investors,Industrials
7,Multiple Investors,Industrials
0,ZJ Innopark (Zhangjiang Hi-Tech Park),Enterprise Tech
3,Crescent Group (Crescent Point),Consumer & Retail
7,Hongtai Fund,Industrials
0,Salesforce Ventures,Enterprise Tech
0,China Oceanwide,Enterprise Tech
3,Jinan Industrial Development Group,Consumer & Retail
3,SDIC Venture Capital,Consumer & Retail
3,China Minsheng Investment Group,Consumer & Retail
2,BlackRock,Financial Services
5,Emerging Technology Partners,Healthcare & Life Sciences
0,ByteDance,Media & Entertainment
0,Multiple Investors,Enterprise Tech
3,Insight Partners,Consumer & Retail
3,Koch Disruptive Technologies,Consumer & Retail
2,Bank of America,Financial Services
5,China Bridge Capital,Healthcare & Life Sciences
0,Silicon Valley Bank,Enterprise Tech
0,TA Associates,Enterprise Tech
1,Tiger Global Management,Industrials
3,Viking Global Investors,Consumer & Retail
3,Apax Partners,Consumer & Retail
3,L Catterton,Consumer & Retail
0,Multiple Investors,Consumer & Retail
0,Thoma Bravo,Enterprise Tech
0,Astera Institute,Enterprise Tech
0,Koch Disruptive Technologies,Enterprise Tech
0,Databricks Ventures,Enterprise Tech
0,Temasek Holdings,Media & Entertainment
0,Qatar Investment Authority,Enterprise Tech
0,Thoma Bravo,Enterprise Tech
3,Mirae Asset,Consumer & Retail
0,Multiple Investors,Media & Entertainment
7,Multiple Investors,Industrials
5,The Carlyle Group,Healthcare & Life Sciences
0,Multiple Investors,Enterprise Tech
2,FMO,Financial Services
5,Base10 Partners,Healthcare & Life Sciences
7,Insight Partners,Industrials
7,Qatar Investment Authority,Industrials
0,Multiple Investors,Enterprise Tech
0,Multiple Investors,Enterprise Tech
0,One Equity Partners,Enterprise Tech
7,Mars Growth Capital,Industrials
2,Jump Crypto,Financial Services
0,Lightbox,Enterprise Tech
0,Multiple Investors,Media & Entertainment
5,Mubadala Capital Ventures,Healthcare & Life Sciences
7,Hermitage Capital,Industrials
0,Qatar Investment Authority,Enterprise Tech
5,NHS England,Healthcare & Life Sciences
0,Hg,Enterprise Tech
0,Multiple Investors,Enterprise Tech
0,Tribe Capital,Enterprise Tech
0,Swedbank Robur,Enterprise Tech
5,Janus Henderson Investors,Healthcare & Life Sciences
0,Kleiner Perkins,Enterprise Tech
0,Broadway Angels,Enterprise Tech
2,Visa,Financial Services
6,Multiple Investors,Financial Services
0,Spark Capital,Enterprise Tech
0,Silver Lake Waterman,Enterprise Tech
7,Schonfeld Strategic Advisors,Industrials
5,Advent International,Healthcare & Life Sciences
0,Franklin Templeton Investments,Enterprise Tech
0,Prysm Capital,Enterprise Tech
7,Blackstone Group,Industrials
0,Goldman Sachs,Media & Entertainment
0,Viking Global Investors,Enterprise Tech
2,Left Lane Capital,Financial Services
0,Multiple Investors,Enterprise Tech
0,IMM Investment,Media & Entertainment
7,Tencent,Industrials
0,Insight Partners,Enterprise Tech
7,Mubadala,Industrials
3,Gojek,Consumer & Retail
0,Tencent,Enterprise Tech
2,SoftBank Vision Fund,Media & Entertainment
7,BMW i Ventures,Industrials
3,China Renaissance,Consumer & Retail
2,Linkface,Financial Services
3,Sequoia Capital China,Consumer & Retail
7,Multiple Investors,Industrials
7,Multiple Investors,Industrials
0,Multiple Investors,Enterprise Tech
7,CSOT,Industrials
3,G42,Consumer & Retail
0,Multiple Investors,Consumer & Retail
2,RRJ Capital,Financial Services
6,Multiple Investors,Financial Services
0,Sapphire Ventures,Enterprise Tech
0,Tribe Capital,Enterprise Tech
0,Multiple Investors,Enterprise Tech
0,Goldman Sachs,Enterprise Tech
7,Guangzhou Automobile Group,Industrials
0,Multiple Investors,Healthcare & Life Sciences
1,Tiger Global Management,Media & Entertainment
0,Hy,Enterprise Tech
0,Anchor Equity Partners,Enterprise Tech
3,GS Retail,Consumer & Retail
0,Serena Williams,Enterprise Tech
0,DST Global,Media & Entertainment
0,TPG,Enterprise Tech
7,General Catalyst,Industrials
2,SoftBank Vision Fund,Healthcare & Life Sciences
3,Berkshire Partners,Consumer & Retail
0,Sixth Street,Enterprise Tech
0,QED Investors,Insurance
5,Morgan Health,Healthcare & Life Sciences
4,SoftBank Vision Fund,Consumer & Retail
3,JD.com,Consumer & Retail
3,Coty,Consumer & Retail
2,SoftBank Vision Fund,Financial Services
3,Aspex Management,Consumer & Retail
3,Alibaba Group,Consumer & Retail
7,T. Rowe Price,Industrials
5,Coatue,Healthcare & Life Sciences
6,Multiple Investors,Financial Services
1,Tiger Global Management,Enterprise Tech
0,DSC Investment,Media & Entertainment
3,Tybourne Capital Management,Consumer & Retail
2,Morgan Stanley Tactical Value,Financial Services
6,Multiple Investors,Financial Services
6,Multiple Investors,Financial Services
2,Mizuho Bank,Financial Services
0,Multiple Investors,Healthcare & Life Sciences
0,Tencent,Media & Entertainment
3,Hillhouse Capital Group,Consumer & Retail
7,CPE,Industrials
7,CPE,Industrials
2,Kaszek,Financial Services
3,Credit Suisse,Consumer & Retail
0,Google Ventures,Enterprise Tech
3,Suning.com,Consumer & Retail
0,Altana,Enterprise Tech
0,GGV Capital,Enterprise Tech
2,Shinsei Bank,Financial Services
0,Multiple Investors,Enterprise Tech
0,Lead Edge Capital,Enterprise Tech
0,Multiple Investors,Enterprise Tech
0,Multiple Investors,Consumer & Retail
0,Westbridge Capital,Enterprise Tech
7,Jinhua Zhongche Fund,Industrials
0,Chongqing Industry Investment Fund,Enterprise Tech
2,Molten Ventures,Financial Services
2,Ontario Teachers' Pension Plan,Financial Services
2,Group1001,Financial Services
3,Chrys Capital,Consumer & Retail
2,Legacy Knight,Financial Services
0,Multiple Investors,Healthcare & Life Sciences
2,Vanke,Financial Services
0,HOPU Investment Management Company,Media & Entertainment
3,Amansa Capital,Consumer & Retail
0,Multiple Investors,Media & Entertainment
0,Multiple Investors,Consumer & Retail
5,China Investment Corporation,Healthcare & Life Sciences
0,Multiple Investors,Media & Entertainment
0,Multiple Investors,Media & Entertainment
2,MUFG Bank,Financial Services
3,Kohlberg Kravis Roberts,Consumer & Retail
6,Multiple Investors,Financial Services
7,SOFTBANK Latin America Ventures,Industrials
7,Multiple Investors,Industrials
2,Baillie Gifford,Financial Services
7,CapSur Capital,Industrials
0,T. Rowe Price,Enterprise Tech
7,ECARX,Industrials
2,SoftBank Vision Fund,Media & Entertainment
0,ICONIQ Growth,Enterprise Tech
2,Marshall Wace,Financial Services
2,Heartland,Financial Services
0,ZhenFund,Media & Entertainment
0,PSG Equity,Enterprise Tech
3,Overseas Chinese Town Holdings,Consumer & Retail
6,Multiple Investors,Financial Services
5,Dragoneer Investment Group,Healthcare & Life Sciences
7,Prime Movers Lab,Industrials
2,SoftBank Vision Fund,Financial Services
0,Multiple Investors,Consumer & Retail
3,Guizhou Innovation Empowerment Big Data Investment Fund,Consumer & Retail
0,Multiple Investors,Media & Entertainment
0,NTT DoCoMo,Enterprise Tech
0,DST Global,Media & Entertainment
3,Shilpa Shetty,Consumer & Retail
2,EQT,Financial Services
5,Redmile Group,Healthcare & Life Sciences
3,ByteDance,Consumer & Retail
3,Dragoneer Investment Group,Consumer & Retail
0,EQT,Insurance
0,SoftBank,Enterprise Tech
0,Multiple Investors,Enterprise Tech
3,Anchor Equity Partners,Consumer & Retail
0,Multiple Investors,Consumer & Retail
0,Multiple Investors,Insurance
3,New Enterprise Associates,Consumer & Retail
0,Fidelity Management and Research Company,Media & Entertainment
5,Sixth Street,Healthcare & Life Sciences
2,Left Lane Capital,Financial Services
7,Brookfield Growth,Industrials
0,Founders Fund,Enterprise Tech
0,Databricks Ventures,Enterprise Tech
6,Multiple Investors,Financial Services
5,General Catalyst,Healthcare & Life Sciences
0,Siris Capital Group,Enterprise Tech
0,Multiple Investors,Healthcare & Life Sciences
5,Sino Biopharmaceutical,Healthcare & Life Sciences
0,Multiple Investors,Media & Entertainment
0,Multiple Investors,Consumer & Retail
0,Multiple Investors,Enterprise Tech
0,Multiple Investors,Enterprise Tech
0,Bank of China Group Investment,Enterprise Tech
0,Multiple Investors,Consumer & Retail
6,Multiple Investors,Financial Services
3,Alpha Wave Global,Consumer & Retail
0,Multiple Investors,Consumer & Retail
2,Coatue,Financial Services
5,Warburg Pincus,Healthcare & Life Sciences
0,Spark Capital,Enterprise Tech
0,Multiple Investors,Enterprise Tech
3,Baidu,Consumer & Retail
0,Multiple Investors,Media & Entertainment
0,Multiple Investors,Healthcare & Life Sciences
2,Sequoia Capital China,Financial Services
0,Multiple Investors,Healthcare & Life Sciences
0,Multiple Investors,Healthcare & Life Sciences
5,Concord Health Partners,Healthcare & Life Sciences
0,SoftBank Vision Fund,Enterprise Tech
0,Multiple Investors,Enterprise Tech
0,Intel Capital,Enterprise Tech
3,Silver Lake,Consumer & Retail
4,SoftBank Vision Fund,Consumer & Retail
0,Bain Capital Tech Opportunities,Enterprise Tech
0,Multiple Investors,Food and Beverage
2,Chimera Investment,Financial Services
0,Multiple Investors,Media & Entertainment
2,Abu Dhabi Investment Authority,Financial Services
0,Legatum,Media & Entertainment
6,Multiple Investors,Financial Services
3,Volkswagen Group,Consumer & Retail
5,Founders Fund,Healthcare & Life Sciences
2,Altimeter Capital,Financial Services
7,Caisse de Depot et Placement du Quebec,Industrials
7,Multiple Investors,Industrials
1,Tiger Global Management,Enterprise Tech
5,Temasek Holdings,Healthcare & Life Sciences
2,Blackstone Group,Financial Services
1,Tiger Global Management,Enterprise Tech
7,General Motors,Industrials
2,Mizuho Bank,Financial Services
0,IVP,Enterprise Tech
2,Abu Dhabi Growth Fund,Financial Services
6,Multiple Investors,Financial Services
0,Insight Partners,Media & Entertainment
6,Multiple Investors,Financial Services
0,Multiple Investors,Enterprise Tech
0,Advance Venture Partners,Enterprise Tech
7,Multiple Investors,Industrials
7,Multiple Investors,Industrials
0,Silver Lake Waterman,Enterprise Tech
0,Multiple Investors,Enterprise Tech
3,Yao Capital,Consumer & Retail
0,Prosus Ventures,Enterprise Tech
7,Multiple Investors,Industrials
2,Mastercard,Financial Services
0,Mastercard,Enterprise Tech
0,Binance Labs,Enterprise Tech
0,Multiple Investors,Enterprise Tech
0,Multiple Investors,Enterprise Tech
3,Kohlberg Kravis Roberts,Consumer & Retail
0,Coatue,Media & Entertainment
2,TPG,Financial Services
0,Multiple Investors,Consumer & Retail
6,Multiple Investors,Financial Services
0,FTX Ventures,Enterprise Tech
0,Scytale Digital,Media & Entertainment
6,Multiple Investors,Financial Services
0,PAG,Food and Beverage
5,NantHealth,Healthcare & Life Sciences
4,SoftBank Vision Fund,Consumer & Retail
0,Greenoaks,Enterprise Tech
0,Krafton,Media & Entertainment
0,Multiple Investors,Enterprise Tech
2,Propel VC,Financial Services
0,Bessemer Venture Partners,Enterprise Tech
0,Morgan Stanley,Enterprise Tech
5,Founders Fund,Healthcare & Life Sciences
7,Multiple Investors,Industrials
0,Multiple Investors,Insurance
7,Bain Capital,Industrials
0,Francisco Partners,Media & Entertainment
0,Multiple Investors,Consumer & Retail
5,Buckley Ventures,Healthcare & Life Sciences
7,Multiple Investors,Industrials
0,Multiple Investors,Insurance
0,Permira,Enterprise Tech
0,Goldman Sachs Asset Management,Enterprise Tech
0,Third Point Ventures,Enterprise Tech
0,Coatue,Media & Entertainment
0,Multiple Investors,Transportation
3,Alibaba Group,Consumer & Retail
2,Moore Strategic Ventures,Financial Services
7,Multiple Investors,Industrials
2,Great Hill Partners,Financial Services
2,Google,Financial Services
0,Multiple Investors,Enterprise Tech
5,Silver Lake,Healthcare & Life Sciences
0,Warburg Pincus,Enterprise Tech
3,Princeville Capital,Consumer & Retail
7,SOFTBANK Latin America Ventures,Industrials
3,General Atlantic,Consumer & Retail
2,Saidler & Co.,Financial Services
1,Tiger Global Management,Industrials
0,Multiple Investors,Consumer & Retail
7,Multiple Investors,Industrials
2,WestCap,Financial Services
0,Beyond Net Zero,Enterprise Tech
2,SoftBank Vision Fund,Financial Services
7,Da Vinci Capital,Industrials
0,Canada Pension Plan Investment Board,Enterprise Tech
0,General Atlantic,Enterprise Tech
7,Multiple Investors,Industrials
0,Lightspeed Venture Partners,Enterprise Tech
3,Pobts,Consumer & Retail
7,Alibaba Group,Industrials
0,TPG Rise Climate Fund,Transportation
3,Bond,Consumer & Retail
7,Multiple Investors,Industrials
7,Temasek Holdings,Industrials
3,Wellington Management,Consumer & Retail
5,Fidelity Management and Research Company,Healthcare & Life Sciences
0,Multiple Investors,Consumer & Retail
0,Multiple Investors,Media & Entertainment
0,Liberty City Ventures,Media & Entertainment
0,D1 Capital Partners,Enterprise Tech
0,Generation Investment Management,Enterprise Tech
2,SoftBank Vision Fund,Financial Services
2,IIFL Finance,Financial Services
2,SoftBank Vision Fund,Healthcare & Life Sciences
0,Georgian,Media & Entertainment
6,Multiple Investors,Financial Services
7,Volvo Group Venture Capital,Industrials
0,Multiple Investors,Enterprise Tech
0,Ant Group,Enterprise Tech
5,Lightspeed Venture Partners,Healthcare & Life Sciences
0,Temasek Holdings,Enterprise Tech
0,Multiple Investors,Healthcare & Life Sciences
2,Accomplice,Financial Services
5,Merck,Healthcare & Life Sciences
5,EQT,Healthcare & Life Sciences
7,Multiple Investors,Industrials
0,Multiple Investors,Healthcare & Life Sciences
0,Multiple Investors,Enterprise Tech
0,Multiple Investors,Consumer & Retail
0,Kohlberg Kravis Roberts,Enterprise Tech
7,Multiple Investors,Industrials
7,Mitsubishi Corporation,Industrials
5,Bristol Myers Squibb,Healthcare & Life Sciences
0,Multiple Investors,Enterprise Tech
6,Multiple Investors,Financial Services
0,Georgian,Enterprise Tech
2,SoftBank Vision Fund,Financial Services
0,Kohlberg Kravis Roberts,Enterprise Tech
7,TPG Rise Climate Fund,Industrials
0,Multiple Investors,Enterprise Tech
0,Cybernaut Venture Capital,Media & Entertainment
0,SoftBank Vision Fund,Enterprise Tech
0,Coatue,Enterprise Tech
2,SoftBank Vision Fund,Healthcare & Life Sciences
0,Multiple Investors,Enterprise Tech
0,Multiple Investors,Education
0,Multiple Investors,Enterprise Tech
0,Sequoia Capital China,Enterprise Tech
3,Eurazeo,Consumer & Retail
4,SoftBank Vision Fund,Consumer & Retail
1,Tiger Global Management,Media & Entertainment
0,Multiple Investors,Enterprise Tech
3,Knox Lane,Consumer & Retail
0,Index Ventures,Enterprise Tech
0,Multiple Investors,Consumer & Retail
0,SoftBank Vision Fund,Enterprise Tech
2,MercadoLibre,Financial Services
0,General Atlantic,Enterprise Tech
0,Lightspeed Venture Partners,Enterprise Tech
2,NewView Capital,Financial Services
3,eBay,Consumer & Retail
0,B Capital,Enterprise Tech
0,K1 Investment Management,Enterprise Tech
0,Multiple Investors,Enterprise Tech
0,SoftBank Vision Fund,Enterprise Tech
0,Multiple Investors,Food and Beverage
0,Founders Fund,Enterprise Tech
0,Greenoaks,Enterprise Tech
0,Multiple Investors,Consumer & Retail
2,Paradigm,Financial Services
3,The Carlyle Group,Consumer & Retail
5,Vestin Wolf Capital Management,Healthcare & Life Sciences
0,B Capital,Enterprise Tech
0,Multiple Investors,Consumer & Retail
2,SoftBank Vision Fund,Media & Entertainment
6,Multiple Investors,Financial Services
2,Vitruvian Partners,Financial Services
0,Multiple Investors,Healthcare & Life Sciences
2,Greenspring Associates,Financial Services
0,Multiple Investors,Agricultural
2,Goldman Sachs Asset Management,Financial Services
0,Multiple Investors,Consumer & Retail
2,Michael Margolies,Financial Services
0,Meta,Media & Entertainment
0,Multiple Investors,Agricultural
0,Coatue,Enterprise Tech
2,SoftBank Vision Fund,Industrials
0,Multiple Investors,Transportation
3,Y Combinator Continuity Fund,Consumer & Retail
5,Hellman & Friedman,Healthcare & Life Sciences
3,DST Global,Consumer & Retail
0,AMF,Enterprise Tech
0,Peak XV Partners,Enterprise Tech
7,NEOM Investment Fund,Industrials
0,Insight Partners,Enterprise Tech
6,Multiple Investors,Financial Services
7,Toyota Motor,Industrials
3,Bregal Sagemount,Consumer & Retail
5,Sequoia Capital,Healthcare & Life Sciences
3,Great Hill Partners,Consumer & Retail
0,Multiple Investors,Enterprise Tech
0,Multiple Investors,Enterprise Tech
0,China Reform Health Management and Services Group Co Ltd,Enterprise Tech
7,Maersk Growth,Industrials
5,Harbin Gloria Pharmaceuticals,Healthcare & Life Sciences
0,Multiple Investors,Enterprise Tech
0,BlackRock,Enterprise Tech
2,Maria Sharapova,Financial Services
3,Abu Dhabi Investment Authority,Consumer & Retail
0,Hezhi Investment,Agricultural
0,Multiple Investors,Insurance
7,Multiple Investors,Industrials
0,Multiple Investors,Enterprise Tech
0,Didi,Transportation
0,YF Capital,Enterprise Tech
2,General Atlantic,Financial Services
0,Multiple Investors,Enterprise Tech
1,Tiger Global Management,Financial Services
0,GIC,Enterprise Tech
0,Insight Partners,Enterprise Tech
7,The Carlyle Group,Industrials
6,Multiple Investors,Financial Services
3,4equity - Media Ventures,Consumer & Retail
0,General Atlantic,Enterprise Tech
0,BlackRock Private Equity Partners,Media & Entertainment
5,Fidelity Management and Research Company,Healthcare & Life Sciences
7,Starr Investment Holdings LLC,Industrials
2,Inflexion,Financial Services
2,M&G Investments,Financial Services
0,FXCM Asia,Enterprise Tech
0,Multiple Investors,Enterprise Tech
0,SoftBank Vision Fund,Enterprise Tech
3,T. Rowe Price,Consumer & Retail
3,L Catterton,Consumer & Retail
6,Multiple Investors,Financial Services
3,Mando Corporation,Consumer & Retail
7,Multiple Investors,Industrials
0,Coatue,Media & Entertainment
0,Summit Partners,Enterprise Tech
7,Goldman Sachs Asset Management,Industrials
0,Silver Lake,Media & Entertainment
5,General Catalyst,Healthcare & Life Sciences
1,Tiger Global Management,Enterprise Tech
7,Multiple Investors,Industrials
7,Multiple Investors,Industrials
0,Multiple Investors,Healthcare & Life Sciences
7,Silver Lake,Industrials
0,Fidelity Management and Research Company,Enterprise Tech
3,Blackstone Group,Consumer & Retail
0,Kohlberg Kravis Roberts,Enterprise Tech
0,Brighton Park Capital,Enterprise Tech
3,Spark Capital,Consumer & Retail
0,SoftBank Vision Fund,Enterprise Tech
0,Craft Ventures,Enterprise Tech
5,Mubadala,Healthcare & Life Sciences
0,Multiple Investors,Consumer & Retail
0,Sequoia Capital,Enterprise Tech
7,500 Global,Industrials
0,GIC,Media & Entertainment
5,Khosla Ventures,Healthcare & Life Sciences
7,Multiple Investors,Industrials
7,Multiple Investors,Industrials
5,ShawSpring Partners,Healthcare & Life Sciences
3,Sofina,Consumer & Retail
0,NetDragon,Enterprise Tech
1,Tiger Global Management,Consumer & Retail
7,Multiple Investors,Industrials
2,SoftBank Vision Fund,Financial Services
7,IDG Capital,Industrials
3,Alpargatas,Consumer & Retail
7,Craft Ventures,Industrials
7,Shandong Weiqiao Pioneering Group,Industrials
0,Yingke Capital,Enterprise Tech
0,Microsoft,Enterprise Tech
5,Nestlé Health Science,Healthcare & Life Sciences
7,China Resources Microelectronics,Industrials
0,Google,Media & Entertainment
7,Sparkedge Capital,Industrials
7,Multiple Investors,Industrials
0,SAIC Motor,Transportation
3,Insight Partners,Consumer & Retail
3,TPG,Consumer & Retail
0,CrowdStrike Falcon Fund,Enterprise Tech
0,SoftBank Vision Fund,Enterprise Tech
2,Addition,Financial Services
3,Neuberger Berman,Consumer & Retail
2,General Atlantic,Financial Services
2,Tencent,Financial Services
2,Poste Italiane,Financial Services
0,Multiple Investors,Enterprise Tech
0,Warburg Pincus,Enterprise Tech
0,Multiple Investors,Healthcare & Life Sciences
2,Qiming Venture Partners,Financial Services
0,Tencent,Enterprise Tech
0,Accel,Media & Entertainment
0,Vista Equity Partners,Enterprise Tech
1,Tiger Global Management,Enterprise Tech
0,Permira,Enterprise Tech
3,Sofina,Consumer & Retail
0,Shang Qi Capital,Transportation
0,Morningside Group,Agricultural
0,Kohlberg Kravis Roberts,Enterprise Tech
0,Steadfast Financial,Enterprise Tech
7,Baillie Gifford,Industrials
0,Multiple Investors,Enterprise Tech
7,Multiple Investors,Industrials
0,Times Internet,Media & Entertainment
7,Multiple Investors,Industrials
0,Multiple Investors,Insurance
5,Lorient Capital,Healthcare & Life Sciences
3,Bain Capital Ventures,Consumer & Retail
7,Bessemer Venture Partners,Industrials
3,McKinsey & Company,Consumer & Retail
0,Multiple Investors,Transportation
1,Tiger Global Management,Financial Services
5,Drive Capital,Healthcare & Life Sciences
7,StepStone Group,Industrials
0,Sequoia Capital China,Transportation
0,Multiple Investors,Enterprise Tech
0,Coatue,Enterprise Tech
0,Insight Partners,Enterprise Tech
2,JP Morgan,Financial Services
3,Owl Rock Capital,Consumer & Retail
7,Coatue,Industrials
0,Google Ventures,Media & Entertainment
0,Multiple Investors,Enterprise Tech
0,ITOCHU Corporation,Transportation
5,Sino Biopharmaceutical,Healthcare & Life Sciences
0,Insight Partners,Enterprise Tech
7,Walden International,Industrials
3,Wellington Management,Consumer & Retail
7,IDG Capital,Industrials
0,Binance,Media & Entertainment
0,Kohlberg Kravis Roberts,Media & Entertainment
7,Linse Capital,Industrials
1,Tiger Global Management,Financial Services
2,TTV Capital,Financial Services
0,Light Street Capital,Enterprise Tech
3,GIC,Consumer & Retail
7,Hermitage Capital,Industrials
0,Multiple Investors,Media & Entertainment
0,Silver Lake Waterman,Enterprise Tech
3,Anand Piramal,Consumer & Retail
1,Tiger Global Management,Financial Services
0,Sixth Street,Enterprise Tech
0,Multiple Investors,Enterprise Tech
0,ServiceNow,Enterprise Tech
6,Multiple Investors,Financial Services
2,Decisive Capital Management,Financial Services
0,Altimeter Capital,Enterprise Tech
7,Multiple Investors,Industrials
3,Wellington Management,Healthcare & Life Sciences
0,Multiple Investors,Enterprise Tech
0,Multiple Investors,Healthcare & Life Sciences
0,SoftBank,Media & Entertainment
0,Ping An Capital,Transportation
7,Multiple Investors,Industrials
0,Andreessen Horowitz,Enterprise Tech
0,Trustbridge Partners,Education
0,Multiple Investors,Enterprise Tech
1,Tiger Global Management,Enterprise Tech
7,The Carlyle Group,Industrials
7,Sachin Tendulkar,Industrials
0,Sapphire Ventures,Enterprise Tech
2,Dragoneer Investment Group,Financial Services
2,SoftBank Vision Fund,Financial Services
5,Kinnevik,Healthcare & Life Sciences
0,Multiple Investors,Education
3,Sequoia Capital China,Consumer & Retail
0,Intel Corporation,Enterprise Tech
0,General Atlantic,Enterprise Tech
4,SoftBank Vision Fund,Consumer & Retail
7,Hillhouse Capital Group,Industrials
0,Alkeon Capital,Enterprise Tech
0,Multiple Investors,Enterprise Tech
2,Goldman Sachs,Financial Services
6,Multiple Investors,Financial Services
2,Fulcrum Equity Partners,Financial Services
2,Western Union,Financial Services
3,Altimeter Capital,Consumer & Retail
7,Franklin Templeton Investments,Industrials
7,Multiple Investors,Industrials
6,Multiple Investors,Financial Services
0,Multiple Investors,Healthcare & Life Sciences
0,Coatue,Enterprise Tech
2,Bain Capital Tech Opportunities,Financial Services
2,Group 11,Financial Services
0,Multiple Investors,Consumer & Retail
0,Multiple Investors,Transportation
7,Bank of China Group Investment,Industrials
3,BRV Capital Management,Consumer & Retail
0,SoftBank,Enterprise Tech
5,Sapphire Ventures,Healthcare & Life Sciences
6,Multiple Investors,Financial Services
0,Twilio,Enterprise Tech
0,Accel,Enterprise Tech
0,Permira,Enterprise Tech
0,CITIC Capital Holdings,Transportation
2,Wellington Management,Financial Services
0,Multiple Investors,Enterprise Tech
2,General Atlantic,Financial Services
0,Salesforce Ventures,Enterprise Tech
0,Multiple Investors,Media & Entertainment
7,Digital Alpha,Industrials
0,TPG Rise Climate Fund,Transportation
2,Haun Ventures,Financial Services
2,Ontario Teachers' Pension Plan,Financial Services
7,SK Group,Industrials
0,Multiple Investors,Enterprise Tech
5,Golub Capital,Healthcare & Life Sciences
3,Shining Capital,Consumer & Retail
7,Multiple Investors,Industrials
7,Multiple Investors,Industrials
0,Bessemer Venture Partners,Enterprise Tech
0,Greenoaks,Enterprise Tech
5,Google,Healthcare & Life Sciences
0,Multiple Investors,Healthcare & Life Sciences
0,Multiple Investors,Enterprise Tech
0,Multiple Investors,Enterprise Tech
0,Vision Ridge Capital Partners,Transportation
7,Warburg Pincus,Industrials
7,Multiple Investors,Industrials
0,Multiple Investors,Healthcare & Life Sciences
2,Accel,Financial Services
0,Temasek Holdings,Enterprise Tech
0,Multiple Investors,Media & Entertainment
6,Multiple Investors,Financial Services
7,Multiple Investors,Industrials
0,Chrysalis Investments,Enterprise Tech
0,Multiple Investors,Consumer & Retail
0,Accel,Insurance
3,SoftBank,Consumer & Retail
5,HealthQuest Capital,Healthcare & Life Sciences
2,Temasek Holdings,Financial Services
0,March Capital,Enterprise Tech
3,Qatar Investment Authority,Consumer & Retail
7,CITIC Construction Investment,Industrials
7,Multiple Investors,Industrials
2,SoftBank Vision Fund,Industrials
1,Tiger Global Management,Enterprise Tech
0,Benchmark,Enterprise Tech
0,G Squared,Enterprise Tech
0,Sequoia Capital China,Enterprise Tech
0,China Merchants Capital,Enterprise Tech
2,Tonic Private Equity,Financial Services
2,Welcome Capital,Financial Services
2,SoftBank Vision Fund,Insurance
2,Ontario Teachers' Pension Plan,Financial Services
0,HSBC,Enterprise Tech
1,Tiger Global Management,Financial Services
0,Multiple Investors,Healthcare & Life Sciences
2,RPMI Railpen,Financial Services
0,Multiple Investors,Enterprise Tech
3,PTT Oil and Retail Business Public Company,Consumer & Retail
0,Kinnevik,Enterprise Tech
0,Multiple Investors,Consumer & Retail
3,L Catterton Asia,Consumer & Retail
2,GCP Capital Partners,Financial Services
0,Multiple Investors,Healthcare & Life Sciences
7,DS Asset Management,Industrials
0,Proxima Media,Media & Entertainment
0,The Twenty Minute VC,Media & Entertainment
1,Tiger Global Management,Financial Services
5,Oak HC/FT,Healthcare & Life Sciences
2,TCV,Financial Services
2,Point Break Capital Management,Financial Services
0,Multiple Investors,Enterprise Tech
7,Tencent,Industrials
0,Multiple Investors,Consumer & Retail
0,AltaIR Capital,Enterprise Tech
7,Climate Investment,Industrials
0,Multiple Investors,Transportation
0,Salesforce Ventures,Enterprise Tech
6,Multiple Investors,Financial Services
0,Greenbriar Equity Group,Transportation
3,EvolutionX,Consumer & Retail
0,Bertelsmann,Enterprise Tech
0,Multiple Investors,Healthcare & Life Sciences
3,Temasek Holdings,Consumer & Retail
0,Multiple Investors,Enterprise Tech
0,New Enterprise Associates,Enterprise Tech
0,Multiple Investors,Enterprise Tech
2,Polychain,Financial Services
2,Insight Partners,Financial Services
5,ICONIQ Capital,Healthcare & Life Sciences
0,BlackRock,Insurance
0,Pantera Capital,Media & Entertainment
3,Ronnie Screwvala,Consumer & Retail
6,Multiple Investors,Financial Services
7,Multiple Investors,Industrials
3,General Catalyst,Consumer & Retail
0,Multiple Investors,Consumer & Retail
1,Tiger Global Management,Financial Services
7,Baillie Gifford,Industrials
0,Multiple Investors,Consumer & Retail
0,Temasek Holdings,Enterprise Tech
3,FTV Capital,Consumer & Retail
3,Jun Lei,Consumer & Retail
0,CrowdStrike,Enterprise Tech
2,Lone Pine Capital,Financial Services
1,Tiger Global Management,Enterprise Tech
7,Koch Disruptive Technologies,Industrials
5,Guangzhou Yuexiu Industrial Investment Fund,Healthcare & Life Sciences
0,TCV,Enterprise Tech
3,Orios Venture Partners,Consumer & Retail
3,Qatar Holding,Consumer & Retail
0,Multiple Investors,Consumer & Retail
0,Multiple Investors,Enterprise Tech
0,Multiple Investors,Enterprise Tech
0,Third Point Ventures,Enterprise Tech
0,GGV Capital,Enterprise Tech
0,Multiple Investors,Enterprise Tech
5,Google,Healthcare & Life Sciences
7,Alkeon Capital,Industrials
7,Macquarie Group,Industrials
0,Multiple Investors,Media & Entertainment
0,Multiple Investors,Consumer & Retail
0,Multiple Investors,Enterprise Tech
7,83North,Industrials
0,TPG,Media & Entertainment
0,Multiple Investors,Enterprise Tech
3,EQT,Consumer & Retail
3,Tencent,Consumer & Retail
1,Tiger Global Management,Healthcare & Life Sciences
5,Lightrock,Healthcare & Life Sciences
2,Ribbit Capital,Financial Services
0,Goldman Sachs Asset Management,Enterprise Tech
0,Rhône Group,Transportation
7,CICC,Industrials
2,JP Morgan,Financial Services
5,CIBC Innovation Banking,Healthcare & Life Sciences
0,CyberAgent Capital,Media & Entertainment
0,Multiple Investors,Enterprise Tech
7,Multiple Investors,Industrials
7,Multiple Investors,Industrials
0,Groupe Bruxelles Lambert,Media & Entertainment
2,Susquehanna International Group (SIG),Financial Services
7,Multiple Investors,Industrials
2,Brookfield Growth,Financial Services
7,D1 Capital Partners,Industrials
4,SoftBank Vision Fund,Consumer & Retail
3,WANDA Group,Consumer & Retail
0,Multiple Investors,Enterprise Tech
0,Multiple Investors,Enterprise Tech
2,Alameda Research,Financial Services
6,Multiple Investors,Financial Services
7,Eclipse Ventures,Industrials
2,UBS,Financial Services
6,Multiple Investors,Financial Services
2,Tencent,Financial Services
0,Y Combinator Continuity Fund,Enterprise Tech
0,Multiple Investors,Healthcare & Life Sciences
4,SoftBank Vision Fund,Consumer & Retail
0,Squarepoint Capital,Insurance
0,Tencent,Enterprise Tech
0,Multiple Investors,Enterprise Tech
2,Allianz X,Financial Services
0,CCB International,Transportation
3,IDG Capital,Consumer & Retail
7,China Development Bank Capital,Industrials
7,Trustbridge Partners,Industrials
0,Multiple Investors,Consumer & Retail
2,SoftBank Vision Fund,Healthcare & Life Sciences
0,Eight Roads Ventures,Enterprise Tech
0,Vulcan Capital,Media & Entertainment
5,Bio-Techne,Healthcare & Life Sciences
7,The Boeing Company,Industrials
3,Taikang Insurance Group,Consumer & Retail
0,Nestlé,Enterprise Tech
0,Battery Ventures,Enterprise Tech
0,Atlas Venture,Enterprise Tech
7,Baillie Gifford,Industrials
2,Andreessen Horowitz,Financial Services
1,Tiger Global Management,Media & Entertainment
0,Georgian,Enterprise Tech
6,Multiple Investors,Financial Services
0,Temasek Holdings,Enterprise Tech
0,China Structural Reform Fund,Enterprise Tech
0,Hillhouse Capital Group,Media & Entertainment
0,Multiple Investors,Consumer & Retail
0,JD.com,Media & Entertainment
7,Multiple Investors,Industrials
0,Multiple Investors,Consumer & Retail
7,Multiple Investors,Industrials
3,Teachers Venture Growth,Consumer & Retail
0,Multiple Investors,Healthcare & Life Sciences
2,D1 Capital Partners,Financial Services
0,Multiple Investors,Transportation
4,SoftBank Vision Fund,Consumer & Retail
1,Tiger Global Management,Healthcare & Life Sciences
7,Multiple Investors,Industrials
0,China CITIC Bank,Transportation
0,Long De Cheng Zhang Culture Communication,Media & Entertainment
3,Tencent,Consumer & Retail
7,Multiple Investors,Industrials
0,Multiple Investors,Consumer & Retail
0,The Carlyle Group,Enterprise Tech
0,Yichang Boyue Investment Management,Enterprise Tech
3,Shopify,Consumer & Retail
6,Multiple Investors,Financial Services
7,Gezhi Asset Management,Industrials
6,Multiple Investors,Financial Services
0,a16z crypto,Media & Entertainment
0,Sapphire Ventures,Enterprise Tech
0,Multiple Investors,Transportation
3,Shenzhen Capital Group,Consumer & Retail
0,Matrix Partners China,Enterprise Tech
0,Sequoia Capital China,Enterprise Tech
7,Multiple Investors,Industrials
0,Multiple Investors,Enterprise Tech
6,Multiple Investors,Financial Services
0,Multiple Investors,Insurance
0,Oak HC/FT,Enterprise Tech
3,TPG,Consumer & Retail
0,Multiple Investors,Consumer & Retail
2,Farallon Capital Management,Financial Services
2,Mastercard,Financial Services
7,Avenir Growth Capital,Industrials
7,West Fund,Industrials
7,YF Capital,Industrials
7,Geely,Industrials
7,BOCOM International,Industrials
0,Multiple Investors,Enterprise Tech
7,Baidu Capital,Industrials
3,Xiaomi,Consumer & Retail
0,Multiple Investors,Enterprise Tech
2,Shinhan Venture Investment,Financial Services
3,Beijing Taikang Investment,Consumer & Retail
2,eBay Ventures,Financial Services
0,Y Combinator,Enterprise Tech
7,Multiple Investors,Industrials
4,SoftBank Vision Fund,Consumer & Retail
5,Francisco Partners,Healthcare & Life Sciences
7,Multiple Investors,Industrials
2,SoftBank Vision Fund,Financial Services
5,Kohlberg Kravis Roberts,Healthcare & Life Sciences
0,SRAM & MRAM,Enterprise Tech
2,Lightspeed Venture Partners,Financial Services
3,Raine Ventures,Consumer & Retail
0,China Integrated Circuit Industry Investment Fund (CICF),Enterprise Tech
0,Zomato,Enterprise Tech
5,Dundon Capital Partners,Healthcare & Life Sciences
0,Canada Pension Plan Investment Board,Enterprise Tech
2,CICC Capital,Financial Services
0,Multiple Investors,Enterprise Tech
0,Bain Capital Ventures,Enterprise Tech
0,Multiple Investors,Enterprise Tech
0,Bill & Melinda Gates Foundation,Enterprise Tech
7,Multiple Investors,Industrials
0,Brighton Park Capital,Enterprise Tech
0,Peakview Capital,Enterprise Tech
0,Multiple Investors,Enterprise Tech
7,Yingke Capital,Industrials
6,Multiple Investors,Financial Services
2,Lightspeed Venture Partners,Financial Services
0,Multiple Investors,Enterprise Tech
