Organisation,Country,Industry,Main Industry,Month,Year,Exit Reason,Main Reason
10X Genomics,United States,"BioSoftware & Technology, Genetics, Health Care, Medical",Healthcare & BioTechnology,September,2019,Bankrupt,Bankrupt
17zuoye,China,"E-Learning, EdTech, Education, Internet, Language Learning",Education and EdTech,December,2020,Bankrupt,Bankrupt
23andMe,United States,"BioSoftware & Technology, Genetics, Life Science",Healthcare & BioTechnology,June,2021,SPAC merger,Merger
51 Credit Card Manager,China,"Credit Cards, Finance, Financial Services, FinTech, Internet, Payments, Software",Finance and FinTech,July,2018,Bankrupt,Bankrupt
9F Group,China,"Financial Services, FinTech",Finance and FinTech,August,2019,IPO,IPO
Actifio,United States,"Analytics, Enterprise Software, Information Services, Information Software & Technology, SaaS, Virtualization",Software & Technology,December,2020,Bankrupt,Bankrupt
ACV,United States,"Apps, Automotive, Marketplace, Mobile Apps",Automotive and Transportation,March,2021,Bankrupt,Bankrupt
Adaptive Biotechnologies,United States,"BioSoftware & Technology, Health Care, Therapeutics",Healthcare & BioTechnology,June,2019,Bankrupt,Bankrupt
Adyen,The Netherlands,"Financial Services, FinTech, Mobile Apps, Mobile Payments",Finance and FinTech,June,2018,IPO,IPO
Affirm,United States,"Financial Services, FinTech, Lending, Payments",Finance and FinTech,April,2021,Bankrupt,Bankrupt
Aihuishou,China,"Consumer Electronics, E-Commerce, Electronics, Recycling",E-Commerce and Retail,June,2021,Bankrupt,Bankrupt
AInnovation,China,"Artificial Intelligence, B2B, Information Software & Technology, Machine Learning, Software",Software & Technology,January,2022,Bankrupt,Bankrupt
Airbnb,United States,"Hospitality, Marketplace, Mobile Apps, Travel, Travel Accommodations",Software & Technology,April,2021,IPO,IPO
Airtel Africa,Tanzania,"Information Software & Technology, Internet, Mobile, Telecommunications",Software & Technology,June,2019,Bankrupt,Bankrupt
AirWatch,United States,"Computer, Enterprise, Mobile, Mobile Devices, Security",Software & Technology,January,2014,Acquired,Acquired
Alibaba Group,China,"Association, B2B, Information Software & Technology, Shopping",Software & Technology,November,2019,IPO,IPO
Allbirds,United States,"E-Commerce, Fashion, Manufacturing, Shoes",E-Commerce and Retail,November,2021,Bankrupt,Bankrupt
Alvotech,Iceland,"BioSoftware & Technology, Life Science, Pharmaceutical",Healthcare & BioTechnology,June,2022,Bankrupt,Bankrupt
Amplitude,United States,"Analytics, Big Data, Product Management, SaaS",Software & Technology,September,2021,IPO,IPO
Anaplan,United States,"Enterprise Software, Information Software & Technology, InsurTech, Productivity Tools",Software & Technology,October,2018,Bankrupt,Bankrupt
AppDynamics,United States,"Analytics, Application Performance Management, Business Intelligence, Information Services, Information Software & Technology, Software",Software & Technology,January,2017,Acquired,Acquired
AppLovin,United States,"Advertising, Developer Tools, Mobile, Mobile Apps",Media and Entertainment,April,2021,IPO,IPO
AppNexus,United States,"Ad Network, Advertising, E-Commerce, Internet, SaaS, Software",Media and Entertainment,June,2018,Bankrupt,Bankrupt
Apttus,United States,"CRM, Enterprise Software, Finance, Information Software & Technology, SaaS, Software",Finance and FinTech,September,2018,Bankrupt,Bankrupt
Arrival,United Kingdom,"Automotive, Autonomous Vehicles, Electric Vehicle",Automotive and Transportation,March,2021,Bankrupt,Bankrupt
Asana,United States,"Collaboration, Enterprise Software, Software, Task Management",Software & Technology,July,2023,Bankrupt,Bankrupt
ASR Microelectronics,China,"Electronics, Product Design, Semiconductor, Software",Software & Technology,January,2022,Bankrupt,Bankrupt
ATAI Life Sciences,Germany,"BioSoftware & Technology, Health Care, Life Science, Therapeutics",Healthcare & BioTechnology,June,2021,Bankrupt,Bankrupt
Atlassian,Australia,"Collaboration, Enterprise Software, SaaS, Software",Software & Technology,December,2015,IPO,IPO
Auris Health,United States,"BioSoftware & Technology, Health Care, Medical, Medical Device, Robotics",Healthcare & BioTechnology,August,2021,Bankrupt,Bankrupt
Aurora,United States,"Automotive, Autonomous Vehicles, Electric Vehicle, InsurTech, Transportation",Automotive and Transportation,November,2021,Bankrupt,Bankrupt
Auth0,United States,"Developer APIs, Enterprise Software, Identity Management, Information Software & Technology, SaaS, Software",Software & Technology,March,2021,Acquired,Acquired
AUTO1 Group,Germany,"Automotive, Internet, Marketplace",Automotive and Transportation,February,2021,Bankrupt,Bankrupt
Avaloq,Switzerland,"Banking, Financial Services, FinTech, Software",Finance and FinTech,October,2020,Bankrupt,Bankrupt
Avast,Czech Republic,"Computer, Network Security, Security, Software, Software Engineering",Software & Technology,May,2018,Bankrupt,Bankrupt
AvidXchange,United States,"FinTech, Payments, SaaS, Software, Transaction Processing",Finance and FinTech,October,2021,IPO,IPO
Avito,Russian Federation,"Advertising, Classifieds, E-Commerce, Internet, Online Auctions",E-Commerce and Retail,October,2022,Acquired,Acquired
Babylon,United Kingdom,"Health Care, Health Diagnostics, Medical, mHealth",Healthcare & BioTechnology,October,2021,Bankrupt,Bankrupt
Babytree,China,"Child Care, E-Commerce, Internet, Parenting, Social Media",E-Commerce and Retail,November,2018,IPO,IPO
BAIC BJEV,China,"Automotive, Electric Vehicle, Manufacturing",Automotive and Transportation,November,2019,Bankrupt,Bankrupt
Bakkt,United States,"Cryptocurrency, Financial Services, FinTech, Loyalty Programs",Finance and FinTech,October,2021,Bankrupt,Bankrupt
Beijing Weiying Software & Technology,China,"Customer Service, E-Commerce, Film, Media and Entertainment, Ticketing",Media and Entertainment,September,2017,Bankrupt,Bankrupt
BenevolentAI,United Kingdom,"Artificial Intelligence, Big Data, BioSoftware & Technology, Machine Learning, Pharmaceutical",Healthcare & BioTechnology,April,2022,Bankrupt,Bankrupt
Best,China,"Information Software & Technology, Logistics, Public Transportation, Supply Chain Management",Software & Technology,September,2017,Bankrupt,Bankrupt
Better.com,United States,"Consumer Lending, FinTech, Lending, Real Estate",Finance and FinTech,August,2023,Acquired,Acquired
Beyond Meat,United States,"Food and Beverage, Food Processing, Nutrition, Organic Food",Food and Beverage,May,2019,Bankrupt,Bankrupt
BGI Group,China,"Bioinformatics, BioSoftware & Technology, Genetics, Health Care, Life Science, Medical, Pharmaceutical",Healthcare & BioTechnology,July,2017,Bankrupt,Bankrupt
BigBasket,India,"Delivery, E-Commerce, Grocery, Retail, Shopping",E-Commerce and Retail,February,2021,Acquired,Acquired
Bilibili,China,"Mobile Apps, Video, Video Games, Video Streaming",Software & Technology,March,2018,Bankrupt,Bankrupt
BILL,United States,"Apps, Billing, Financial Services, FinTech, SaaS",Finance and FinTech,December,2019,Bankrupt,Bankrupt
Biocytogen,China,"BioSoftware & Technology, Health Care, Medical Device, Therapeutics",Healthcare & BioTechnology,September,2022,Bankrupt,Bankrupt
Bird,United States,"Electric Vehicle, Mobile, Mobile Apps, Ride Sharing, Transportation",Automotive and Transportation,September,2023,Bankrupt,Bankrupt
Blend,United States,"Financial Services, FinTech, Lending, Software",Finance and FinTech,July,2021,Bankrupt,Bankrupt
blinkit,India,"Delivery, E-Commerce, E-Commerce Platforms, Grocery, Retail",E-Commerce and Retail,March,2022,Bankrupt,Bankrupt
Block (Previously Square),United States,"FinTech, Mobile Payments, Productivity Tools, Retail Software & Technology",Finance and FinTech,November,2015,Bankrupt,Bankrupt
Bloom Energy,United States,"CleanTech, Energy, Fuel Cell, Oil and Gas, Wind Energy",Energy and CleanTech,July,2018,IPO,IPO
Blue Apron,United States,"Delivery, E-Commerce, Food and Beverage, Grocery",E-Commerce and Retail,July,2017,IPO,IPO
Box,United States,"Cloud Computing, Enterprise Software, File Sharing, Flash Storage, Web Hosting",Software & Technology,January,2015,IPO,IPO
Bright Health Group,United States,"Financial Services, Health Care, Health Insurance, Insurance",Finance and FinTech,June,2021,Bankrupt,Bankrupt
Brii Biosciences,United States,"BioSoftware & Technology, Health Care, Innovation Management, Pharmaceutical",Healthcare & BioTechnology,January,2022,Bankrupt,Bankrupt
Britishvolt,United Kingdom,"Automotive, Battery, Electronics",Automotive and Transportation,February,2023,Bankrupt,Bankrupt
Bukalapak,Indonesia,"E-Commerce, E-Commerce Platforms, Internet, Online Portals",E-Commerce and Retail,August,2021,IPO,IPO
Butterfly Network,United States,"Electronics, Health Care, Medical Device, Personal Health",Healthcare & BioTechnology,February,2021,Bankrupt,Bankrupt
BuzzFeed,United States,"Advertising, Digital Entertainment, Journalism, Publishing, Social News",Media and Entertainment,March,2022,Bankrupt,Bankrupt
C3 AI,United States,"Artificial Intelligence, Enterprise Software, Machine Learning, SaaS, Software",Software & Technology,June,2021,Bankrupt,Bankrupt
Cainiao Logistics,China,"Delivery, Delivery Service, Logistics, Supply Chain Management",Automotive and Transportation,September,2017,Bankrupt,Bankrupt
Canaan Creative,China,"Bitcoin, Electronics, Information Software & Technology, Manufacturing, Semiconductor, Software",Software & Technology,November,2019,Bankrupt,Bankrupt
Careem,United Arab Emirates,"Customer Service, Logistics, Public Transportation, Ride Sharing, Transportation",Automotive and Transportation,March,2019,Acquired,Acquired
Casper,United States,"E-Commerce, Lifestyle, Product Design, Retail",E-Commerce and Retail,February,2020,Bankrupt,Bankrupt
Cava Group,United States,"Food and Beverage, Food Processing, Hospitality, Beverages",Food and Beverage,June,2023,Bankrupt,Bankrupt
Cazoo,United Kingdom,"Fashion, News, Publishing",Fashion and Beauty,August,2021,SPAC merger,Merger
ChargePoint,United States,"Automotive, Electric Vehicle, Manufacturing",Automotive and Transportation,May,2022,Bankrupt,Bankrupt
Chewy,United States,"E-Commerce, Pet, Retail",E-Commerce and Retail,June,2019,Bankrupt,Bankrupt
Cheyipai,China,"Automotive, E-Commerce, Online Auctions",Automotive and Transportation,April,2018,Bankrupt,Bankrupt
China Rapid Finance,China,"Financial Services, FinTech, Internet",Finance and FinTech,April,2017,Bankrupt,Bankrupt
ClassPass,United States,"Consumer Applications, Fitness, Health Care, Subscription Service, Wellness",Healthcare & BioTechnology,October,2021,Bankrupt,Bankrupt
Cloudflare,United States,"Analytics, Enterprise Software, Security, Web Hosting",Software & Technology,September,2019,IPO,IPO
Clover Health,United States,"Health Care, Health Insurance, Hospital, Medical",Healthcare & BioTechnology,May,2022,Bankrupt,Bankrupt
Coinbase,United States,"Bitcoin, Blockchain, Cryptocurrency, FinTech, Trading Platform",Finance and FinTech,August,2022,IPO,IPO
Compass,United States,"Property Management, Real Estate, Residential",Real Estate and Property Management,April,2021,IPO,IPO
Confluent,United States,"Analytics, Cloud Data Services, Enterprise Software, Open Source",Software & Technology,October,2021,IPO,IPO
Contemporary Amperex Software & Technology,China,"Automotive, Battery, Electric Vehicle, Manufacturing",Automotive and Transportation,June,2018,Bankrupt,Bankrupt
CooTek,China,"Android, Artificial Intelligence, iOS, Machine Learning, Mobile Apps, Natural Language Processing, Software",Software & Technology,September,2018,Bankrupt,Bankrupt
Coupa Software,United States,"Cloud Infrastructure, FinTech, Procurement, Software",Finance and FinTech,October,2016,IPO,IPO
Coupang,South Korea,"Consumer Electronics, Consumer Goods, Customer Service, E-Commerce, Retail, Shopping",E-Commerce and Retail,March,2021,IPO,IPO
Coursera,United States,"E-Learning, EdTech, Education, Internet",Education and EdTech,June,2022,IPO,IPO
Coveo,Canada,"Artificial Intelligence, Developer Platform, Enterprise Software, Information Software & Technology, Search Engine",Software & Technology,November,2021,IPO,IPO
Credit Karma,United States,"Credit, Finance, Financial Services, FinTech, Personal Finance",Finance and FinTech,February,2020,Acquired,Acquired
CrowdStrike,United States,"Artificial Intelligence, Cloud Data Services, Cloud Security, Cyber Security, Network Security",Software & Technology,June,2019,Bankrupt,Bankrupt
CSI Solar,Canada,"Energy, Manufacturing, Power Grid, Solar",Energy and CleanTech,June,2023,Bankrupt,Bankrupt
CureVac,Germany,"Biopharma, BioSoftware & Technology, Therapeutics",Healthcare & BioTechnology,August,2020,Bankrupt,Bankrupt
Cylance,United States,"Artificial Intelligence, Cyber Security, Enterprise Software, Machine Learning",Software & Technology,November,2018,Bankrupt,Bankrupt
Dada Group,China,"Delivery, E-Commerce, Internet, Logistics, Online Portals",E-Commerce and Retail,June,2020,Bankrupt,Bankrupt
Darktrace,United Kingdom,"Artificial Intelligence, Cyber Security, Information Software & Technology, Machine Learning, Network Security",Software & Technology,April,2021,IPO,IPO
dataxu,United States,"Ad Targeting, Advertising, Analytics, Big Data, Data Visualization, Digital Media, Software",Media and Entertainment,October,2019,Bankrupt,Bankrupt
Datto,United States,"Cloud Computing, Flash Storage, Information Software & Technology, SaaS, Software",Software & Technology,October,2020,Bankrupt,Bankrupt
Dave,United States,"Banking, Financial Services, FinTech",Finance and FinTech,January,2022,Bankrupt,Bankrupt
Deem,United States,"Business Travel, Cloud Infrastructure, Software, Transportation",Automotive and Transportation,March,2023,Bankrupt,Bankrupt
Deezer,France,"Apps, Music, Music Streaming, Web Development",Media and Entertainment,July,2022,Acquired,Acquired
Delhivery,India,"E-Commerce, Freight Service, Logistics, Shipping, Supply Chain Management",E-Commerce and Retail,May,2022,IPO,IPO
Deliveroo,United Kingdom,"Delivery, Food and Beverage, Food Delivery, Same Day Delivery",Food and Beverage,March,2021,IPO,IPO
Deliverr,United States,"Delivery, E-Commerce, Logistics, Shipping, Supply Chain Management",E-Commerce and Retail,May,2023,Acquired,Acquired
Delivery Hero,Germany,"E-Commerce, Food Delivery, Internet, Same Day Delivery",Food and Beverage,June,2017,Bankrupt,Bankrupt
Deposit Solutions,Germany,"Banking, Financial Services, FinTech",Finance and FinTech,June,2021,Bankrupt,Bankrupt
Desktop Metal,United States,"3D Printing, 3D Software & Technology, Precious Metals, Robotics",Software & Technology,December,2020,Bankrupt,Bankrupt
Despegar,Argentina,"Hospitality, Leisure, Reservations, Travel",Media and Entertainment,September,2017,Bankrupt,Bankrupt
Didi,China,"Artificial Intelligence, InsurTech, Mobile Apps, Public Transportation, Ride Sharing, Transportation",Automotive and Transportation,June,2021,IPO,IPO
DigitalOcean,United States,"Cloud Computing, SaaS, Virtualization, Web Hosting",Software & Technology,March,2021,Bankrupt,Bankrupt
Dingdong Maicai,China,"Delivery, E-Commerce, Food and Beverage, Sales",Food and Beverage,June,2021,Bankrupt,Bankrupt
Divvy,United States,"Financial Services, FinTech, Payments, Productivity Tools, SaaS, Software",Finance and FinTech,May,2021,Bankrupt,Bankrupt
dLocal,Uruguay,"E-Commerce, Financial Services, FinTech, Payments",Finance and FinTech,June,2021,IPO,IPO
DocuSign,United States,"Cloud Management, Computer, E-Signature, Information Software & Technology, SaaS, Software",Software & Technology,April,2018,Bankrupt,Bankrupt
Domo,United States,"Analytics, Business Intelligence, Enterprise Software, Information Software & Technology, SaaS, Software",Software & Technology,June,2018,Bankrupt,Bankrupt
DoorDash,United States,"Apps, Delivery, E-Commerce Platforms, Food Delivery, Logistics, Mobile Apps, Online Portals",Food and Beverage,May,2022,IPO,IPO
Douyu TV,China,"Broadcasting, Content, Digital Media, Media and Entertainment, Social Network, Video Games, Video Streaming",Media and Entertainment,July,2019,IPO,IPO
DraftKings,United States,"Fantasy Sports, Gaming, Online Games, Sports",Software & Technology,May,2022,Bankrupt,Bankrupt
Dropbox,United States,"Collaboration, Enterprise Software, File Sharing, Private Cloud, Web Hosting",Software & Technology,March,2018,IPO,IPO
Duo Security,United States,"Cloud Security, Cyber Security, Enterprise Software, Network Security, SaaS",Software & Technology,August,2018,Acquired,Acquired
Duolingo,United States,"E-Learning, Education, Language Learning, Mobile Apps",Education and EdTech,December,2021,IPO,IPO
Easyhome Furnishing New Retail Chain Store Group,China,"Furniture, Retail",E-Commerce and Retail,December,2019,Bankrupt,Bankrupt
ECARX,China,"Automotive, Autonomous Vehicles, Information Services, Software",Automotive and Transportation,December,2022,Bankrupt,Bankrupt
ELEME,China,"Customer Service, Delivery Service, E-Commerce, Food Delivery, Internet, Service Industry",E-Commerce and Retail,February,2018,Acquired,Acquired
Enfusion,United States,"Compliance, Consulting, Finance, Financial Services, Information Software & Technology, Risk Management, Service Industry, Software",Finance and FinTech,October,2021,Bankrupt,Bankrupt
EQRx,United States,"BioSoftware & Technology, Health Care, Medical, Pharmaceutical",Healthcare & BioTechnology,December,2021,Bankrupt,Bankrupt
ESR,Hong Kong,"Logistics, Real Estate, Real Estate Investment, Warehousing",Real Estate and Property Management,October,2019,Bankrupt,Bankrupt
Eventbrite,United States,"Association, Event Management, Events, Internet",E-Commerce and Retail,September,2018,Bankrupt,Bankrupt
EverCommerce,United States,"Digital Media, Financial Services, Software",Finance and FinTech,July,2021,Bankrupt,Bankrupt
Evernote,United States,"Information Services, Information Software & Technology, Mobile, SaaS, Software",Software & Technology,November,2022,Bankrupt,Bankrupt
Fab,United States,"Apps, E-Commerce, Lifestyle, Market Research, Marketing, Shopping",E-Commerce and Retail,March,2015,Acquired,Acquired
Fair,United States,"Automotive, Finance, Industrial, Industrial Manufacturing, Leasing",Automotive and Transportation,March,2022,Bankrupt,Bankrupt
FanDuel,United States,"Fantasy Sports, Gaming, Sports",Media and Entertainment,December,2020,Bankrupt,Bankrupt
FangDD,China,"Internet, Real Estate, Residential",Real Estate and Property Management,November,2019,IPO,IPO
Fanli,China,"E-Commerce, Retail, Shopping",E-Commerce and Retail,April,2021,Direct listing,IPO
Faraday Future,United States,"Automotive, Electric Vehicle, Electronic Design Automation (EDA), Information Software & Technology",Automotive and Transportation,July,2021,Bankrupt,Bankrupt
Farfetch,United Kingdom,"E-Commerce, Fashion, Internet, Retail",E-Commerce and Retail,September,2018,IPO,IPO
Figma,United States,"Collaboration, Developer Tools, Product Design, Software, Web Apps",Software & Technology,September,2022,Bankrupt,Bankrupt
FireEye,United States,"Analytics, Cyber Security, Email, Information Software & Technology, Network Security, Security",Software & Technology,September,2013,Bankrupt,Bankrupt
FiscalNote,United States,"Artificial Intelligence, Big Data, GovTech, Predictive Analytics, Software",Software & Technology,July,2022,Bankrupt,Bankrupt
Five Star Business Finance,India,"Banking, Finance, Financial Services, Personal Finance",Finance and FinTech,November,2022,Bankrupt,Bankrupt
Flatiron Health,United States,"BioSoftware & Technology, Cloud Computing, Electronic Health Record (EHR), Health Care, Health Diagnostics, Hospital, Personal Health",Healthcare & BioTechnology,February,2018,Bankrupt,Bankrupt
Flipkart,India,"E-Commerce, Internet, Marketplace, Shopping",E-Commerce and Retail,May,2018,Acquired,Acquired
Fluence,United States,"Energy, Energy Storage, Renewable Energy",Energy and CleanTech,October,2021,Bankrupt,Bankrupt
Flywire,United States,"Financial Services, FinTech, Payments, Service Industry, Software",Finance and FinTech,June,2021,IPO,IPO
ForeScout Technologies,United States,"Cloud Security, Cyber Security, Internet of Things, Network Security, Software",Software & Technology,October,2017,Bankrupt,Bankrupt
Freshworks,United States,"CRM, Information Services, Information Software & Technology, SaaS, Software",Software & Technology,February,2022,IPO,IPO
Funding Circle,United Kingdom,"Finance, Financial Services, FinTech, Lending",Finance and FinTech,September,2018,Bankrupt,Bankrupt
Futu Holdings,Hong Kong,"Financial Services, FinTech, Information Services",Finance and FinTech,March,2019,IPO,IPO
GeneDx,United States,"Analytics, Artificial Intelligence, Health Care, Health Diagnostics, Machine Learning, Medical, Predictive Analytics",Healthcare & BioTechnology,July,2021,Bankrupt,Bankrupt
Getaround,United States,"Car Sharing, Marketplace, Peer to Peer, Transportation",Automotive and Transportation,December,2022,Bankrupt,Bankrupt
Gilt Groupe,United States,"Consumer Goods, E-Commerce, Fashion, Furniture, Lifestyle, Retail, Shopping",E-Commerce and Retail,June,2018,Acquired,Acquired
Ginger,United States,"Health Care, mHealth, Mobile Apps, Wellness",Healthcare & BioTechnology,August,2021,Bankrupt,Bankrupt
Ginkgo Bioworks,United States,"Biopharma, BioSoftware & Technology, Chemical",Healthcare & BioTechnology,October,2022,SPAC merger,Merger
GitHub,United States,"Cloud Computing, Developer Tools, Internet, Project Management, Software",Software & Technology,June,2018,Bankrupt,Bankrupt
GitLab,United States,"Cloud Security, Developer Tools, Open Source, SaaS",Software & Technology,October,2021,IPO,IPO
Glassdoor,United States,"Career Planning, Digital Media, Employment, Recruiting, Social Media",Software & Technology,May,2018,Bankrupt,Bankrupt
Global Fashion Group,Luxembourg,"E-Commerce, Fashion, Marketing, Retail, Shopping",E-Commerce and Retail,July,2019,IPO,IPO
Glovo,Spain,"Delivery Service, Food Delivery, Logistics, Mobile Apps, Transportation",Food and Beverage,December,2021,Acquired,Acquired
Good Software & Technology,United States,"Collaboration, Cyber Security, Enterprise Software, Messaging, Mobile, Security, Software",Software & Technology,September,2015,Acquired,Acquired
GoodRx,United States,"Health Care, Information Software & Technology, Medical, Pharmaceutical",Healthcare & BioTechnology,September,2020,Bankrupt,Bankrupt
GoPro,United States,"3D Software & Technology, Consumer Electronics, Hardware, Photography, Software, Video, Wearables",Software & Technology,July,2014,IPO,IPO
Gorillas,Germany,"Delivery, Delivery Service, E-Commerce, E-Commerce Platforms, Grocery",E-Commerce and Retail,December,2022,Bankrupt,Bankrupt
GoTo Group,Indonesia,"Delivery Service, Health Care, Information Software & Technology, Same Day Delivery",Automotive and Transportation,April,2022,Bankrupt,Bankrupt
Grab,Singapore,"Apps, Food Delivery, InsurTech, Ride Sharing, Taxi Service, Transportation",Food and Beverage,December,2021,SPAC merger,Merger
Grail,United States,"BioSoftware & Technology, Health Care, Health Diagnostics, Medical, Medical Device",Healthcare & BioTechnology,September,2020,Bankrupt,Bankrupt
GreenSky,United States,"Consumer Lending, Credit, Financial Services, FinTech",Finance and FinTech,May,2018,Bankrupt,Bankrupt
Groupon,United States,"E-Commerce, Internet, Retail, Social Media",E-Commerce and Retail,November,2011,IPO,IPO
Grove Collaborative,United States,"Consumer Goods, E-Commerce, Internet, Manufacturing, Retail",E-Commerce and Retail,June,2022,Bankrupt,Bankrupt
HashiCorp,United States,"Cloud Infrastructure, Cyber Security, Information Software & Technology, Private Cloud, Software",Software & Technology,August,2022,Bankrupt,Bankrupt
Health Catalyst,United States,"Analytics, Data Integration, Health Care, Information Software & Technology",Software & Technology,July,2019,Bankrupt,Bankrupt
HelloFresh,Germany,"B2C, Delivery Service, Food and Beverage, Food Delivery, Subscription Service",Food and Beverage,November,2017,Bankrupt,Bankrupt
Hims & Hers,United States,"Health Care, Lifestyle, Men's, Wellness, Women's",Healthcare & BioTechnology,January,2021,Bankrupt,Bankrupt
Hippo Insurance,United States,"Financial Services, FinTech, InsurTech, Property Insurance",Finance and FinTech,August,2021,Bankrupt,Bankrupt
Home24,Germany,"E-Commerce, Furniture, Home Decor, Sales",E-Commerce and Retail,June,2018,Bankrupt,Bankrupt
HomeAway,United States,"Marketplace, Tourism, Travel, Vacation Rental",Real Estate and Property Management,June,2011,Acquired,Acquired
Hulu,United States,"Content, Film, TV, Video, Video Streaming",Media and Entertainment,May,2019,Bankrupt,Bankrupt
Huya.com,China,"Broadcasting, Online Games, Video Games, Video Streaming",Media and Entertainment,May,2018,Bankrupt,Bankrupt
Infor,United States,"Education, Food and Beverage, GovTech, Health Care, Industrial, Retail, SaaS, Service Industry",Education and EdTech,February,2020,Bankrupt,Bankrupt
Inke,China,"Apps, Mobile, Video",Media and Entertainment,July,2018,Bankrupt,Bankrupt
Innovent Biologics,China,"Biopharma, BioSoftware & Technology, Manufacturing",Healthcare & BioTechnology,October,2018,IPO,IPO
Innovium,United States,"Data Center, Information Software & Technology, Network Hardware",Software & Technology,August,2021,Bankrupt,Bankrupt
InsideSales,United States,"Analytics, Artificial Intelligence, Big Data, Enterprise Software, SaaS, Sales, Software",Software & Technology,August,2021,Bankrupt,Bankrupt
Instacart,United States,"Delivery Service, E-Commerce, Grocery, Shopping",E-Commerce and Retail,September,2023,Bankrupt,Bankrupt
Intarcia Therapeutics,United States,"BioSoftware & Technology, Health Care, Health Diagnostics, Medical Device, Personal Health",Healthcare & BioTechnology,August,2023,Bankrupt,Bankrupt
Intellifusion,China,"Artificial Intelligence, Computer Vision, Facial Recognition, Software",Software & Technology,March,2023,Bankrupt,Bankrupt
iQiyi,China,"Content, Digital Entertainment, Media and Entertainment, TV",Media and Entertainment,March,2018,Bankrupt,Bankrupt
ironSource,Israel,"App Marketing, Mobile Advertising, Mobile Apps, Mobile Devices",Software & Technology,June,2021,SPAC merger,Merger
ITutorGroup,Taiwan,"Consumer Software, E-Learning, Education, Internet, Language Learning",Education and EdTech,July,2019,Acquired,Acquired
Jasper Technologies,United States,"Cloud Computing, Internet of Things, Mobile, SaaS, Software",Software & Technology,February,2016,Acquired,Acquired
JD Health,China,"E-Commerce, Health Care, Medical, Nutrition",E-Commerce and Retail,December,2020,Bankrupt,Bankrupt
JD Logistics,China,"Delivery Service, Logistics, Supply Chain Management",E-Commerce and Retail,May,2021,Bankrupt,Bankrupt
JD.com,China,"E-Commerce, Internet, Logistics, Marketplace, Retail",E-Commerce and Retail,May,2017,Bankrupt,Bankrupt
Jet,United States,"E-Commerce, Marketing, Retail, Retail Software & Technology",E-Commerce and Retail,August,2016,Acquired,Acquired
JetSmarter,United States,"Aerospace, Internet, Transportation, Travel",Automotive and Transportation,April,2019,Bankrupt,Bankrupt
JFrog,United States,"Developer Tools, Enterprise Software, Software, Web Development",Software & Technology,September,2020,IPO,IPO
Joby Aviation,United States,"Aerospace, Air Transportation, Electric Vehicle, Transportation",Automotive and Transportation,August,2021,Bankrupt,Bankrupt
Jumia Group,Nigeria,"Consumer Goods, E-Commerce, Internet, Retail, Shopping",E-Commerce and Retail,April,2019,Bankrupt,Bankrupt
JW Therapeutics,China,"BioSoftware & Technology, Health Care, Therapeutics",Healthcare & BioTechnology,November,2020,Bankrupt,Bankrupt
Kabam,United States,"Gaming, Mobile, Online Games, Software, Web Development",Software & Technology,December,2016,Acquired,Acquired
Kabbage,United States,"Consumer Lending, Financial Services, FinTech, Lending, Micro Lending",Finance and FinTech,August,2020,Bankrupt,Bankrupt
Kakaobank,South Korea,"Banking, Finance, Financial Services, FinTech",Finance and FinTech,August,2021,Bankrupt,Bankrupt
Ke.com,China,"Building Material, Internet, Property Management, Real Estate",Real Estate and Property Management,August,2020,Bankrupt,Bankrupt
Kelun Biotech,China,"Biopharma, BioSoftware & Technology, Medical",Healthcare & BioTechnology,July,2023,Bankrupt,Bankrupt
Kik,Canada,"Apps, Cryptocurrency, Messaging, Mobile, Social Media, Video Chat, Wireless",Software & Technology,October,2019,Acquired,Acquired
Kingsoft Cloud,China,"Cloud Computing, Cloud Infrastructure, Internet, Web Hosting",Software & Technology,December,2022,IPO,IPO
Klaviyo,United States,"Advertising, Analytics, E-Commerce, Marketing Automation, Software",E-Commerce and Retail,September,2023,Bankrupt,Bankrupt
Knotel,United States,"Construction, Interior Design, Internet, Real Estate",Real Estate and Property Management,February,2021,Bankrupt,Bankrupt
KnowBe4,United States,"Computer, Network Security, Security, Software",Software & Technology,April,2021,Bankrupt,Bankrupt
Krafton,South Korea,"Gaming, iOS, Mobile, Video Games",Media and Entertainment,August,2021,IPO,IPO
Kuaishou Software & Technology,China,"Artificial Intelligence, Mobile Apps, Photo Sharing, Social Network, Video Streaming",Media and Entertainment,February,2021,IPO,IPO
Lakala,China,"Financial Services, FinTech, Information Software & Technology, Payments",Finance and FinTech,April,2019,IPO,IPO
Lashou.com,China,"E-Commerce, Internet, Social",E-Commerce and Retail,October,2014,Bankrupt,Bankrupt
Lazada Group,Singapore,"Consumer Goods, E-Commerce, Marketplace, Shopping",E-Commerce and Retail,April,2016,Bankrupt,Bankrupt
LegalZoom,United States,"Consulting, Legal, Legal Tech, Professional Services",Education and EdTech,July,2021,Bankrupt,Bankrupt
Legendary Entertainment,United States,"Advertising, Content Delivery Network, Film, Film Production, Media and Entertainment, TV",Media and Entertainment,January,2016,Bankrupt,Bankrupt
Lemonade,United States,"Artificial Intelligence, Financial Services, Insurance, InsurTech",Finance and FinTech,January,2021,Bankrupt,Bankrupt
Lending Club,United States,"Consumer Lending, Credit, Finance, Financial Services, FinTech, Lending, Peer to Peer, Personal Finance",Finance and FinTech,December,2014,IPO,IPO
Letgo,United States,"Apps, E-Commerce, Marketplace, Shopping",E-Commerce and Retail,March,2020,Acquired,Acquired
Lexin,China,"Consumer, E-Commerce, Finance, Financial Services, FinTech, Venture Capital",Finance and FinTech,December,2017,Bankrupt,Bankrupt
Li Auto,China,"Automotive, Electric Vehicle, Transportation",Automotive and Transportation,July,2020,Bankrupt,Bankrupt
Liepin,China,"Internet, Recruiting, Social Recruiting",Software & Technology,June,2018,Bankrupt,Bankrupt
Light Years Beyond,China,"Artificial Intelligence, Information Software & Technology, Software",Software & Technology,June,2023,Bankrupt,Bankrupt
Lilium,Germany,"Aerospace, Air Transportation, Transportation",Automotive and Transportation,September,2021,Bankrupt,Bankrupt
LinkedIn,United States,"Professional Networking, Recruiting, Social Media, Social Recruiting",Software & Technology,May,2011,IPO,IPO
Liquid Global,Japan,"Bitcoin, Cryptocurrency, Financial Services, FinTech, Information Services, Information Software & Technology, IT Management",Finance and FinTech,February,2022,Bankrupt,Bankrupt
LivingSocial,United States,"Advertising, E-Commerce, Marketing, Marketplace, Online Auctions",E-Commerce and Retail,October,2016,Acquired,Acquired
Looker,United States,"Analytics, Business Intelligence, Data Visualization, Enterprise Software, SaaS",Software & Technology,June,2019,Bankrupt,Bankrupt
Luckin Coffee,China,"Coffee, Food and Beverage, Retail",Food and Beverage,May,2019,IPO,IPO
Lufax,China,"Finance, Financial Services, FinTech, Wealth Management",Finance and FinTech,October,2020,IPO,IPO
Lyft,United States,"Apps, Mobile Apps, Ride Sharing, Software, Transportation",Automotive and Transportation,March,2019,IPO,IPO
Lynda,United States,"E-Learning, EdTech, Education, Training, Video",Education and EdTech,April,2015,Acquired,Acquired
Lytx,United States,"Corporate Training, Fleet Management, Logistics, Transportation, Video",Education and EdTech,January,2020,Bankrupt,Bankrupt
Machine Zone,United States,"Casual Games, Cloud Infrastructure, MMO Games, Mobile, Real Time",Automotive and Transportation,May,2020,Bankrupt,Bankrupt
Manbang Group,China,"Apps, Freight Service, Logistics, Ride Sharing, Transportation",Media and Entertainment,June,2021,Bankrupt,Bankrupt
Mango TV,China,"Media and Entertainment, Music, News",Media and Entertainment,September,2017,Bankrupt,Bankrupt
Maoyan,China,"E-Commerce, Events, Film, Media and Entertainment, Reservations, Ticketing",Media and Entertainment,February,2019,IPO,IPO
MarkLogic,United States,"Data Integration, SaaS, Search Engine, Software, Web Development",Software & Technology,January,2023,Bankrupt,Bankrupt
Marqeta,United States,"Credit Cards, Cryptocurrency, Debit Cards, FinTech, Payments",Finance and FinTech,May,2023,Bankrupt,Bankrupt
MDLIVE,United States,"Health Care, Hospital, Medical, mHealth",Healthcare & BioTechnology,February,2021,Bankrupt,Bankrupt
Medallia,United States,"Analytics, Customer Service, Enterprise Software, SaaS, Text Analytics",Software & Technology,July,2019,Bankrupt,Bankrupt
MedMen,United States,Cannabis,Pharmaceutical,May,2018,Reverse takeover,Acquired
Meitu,China,"Internet, iOS, Machine Learning, Mobile, Social Media",Software & Technology,December,2016,IPO,IPO
Meituan,China,"E-Commerce, Food Delivery, Internet, Local Business",E-Commerce and Retail,September,2018,IPO,IPO
Meituan Bike,China,"Apps, Customer Service, Cycling, Last Mile Transportation, Ride Sharing, Transportation",Automotive and Transportation,April,2018,Bankrupt,Bankrupt
Meizu Software & Technology,China,"Consumer Electronics, E-Commerce, Mobile",E-Commerce and Retail,January,2022,Bankrupt,Bankrupt
Mercari,Japan,"E-Commerce, Internet, Marketplace, Mobile",E-Commerce and Retail,June,2018,IPO,IPO
Meta,United States,"Augmented Reality, Social Media, Social Network, Virtual Reality",Software & Technology,May,2012,Bankrupt,Bankrupt
MGI Tech,China,"BioSoftware & Technology, Health Care, Life Science, Medical",Healthcare & BioTechnology,September,2022,Bankrupt,Bankrupt
MiaSolé,United States,"Clean Energy, Energy, Solar",Energy and CleanTech,September,2012,Bankrupt,Bankrupt
Microvast,United States,"Consumer Electronics, Energy Storage, Environmental Engineering, Manufacturing",Energy and CleanTech,July,2021,Bankrupt,Bankrupt
Missfresh,China,"Consumer Goods, E-Commerce, Food and Beverage, Grocery, Mobile Apps",Food and Beverage,June,2021,IPO,IPO
Mobileye,Israel,"Artificial Intelligence, Automotive, Autonomous Vehicles, Fleet Management, InsurTech, Machine Learning, Transportation",Automotive and Transportation,October,2022,IPO,IPO
Moderna,United States,"BioSoftware & Technology, Genetics, Health Care, Medical, Pharmaceutical",Healthcare & BioTechnology,December,2018,IPO,IPO
MOGU,China,"Beauty, E-Commerce, Fashion",Fashion and Beauty,December,2018,IPO,IPO
Momentive,United States,"Content Marketing, Market Research, Software",E-Commerce and Retail,September,2018,Bankrupt,Bankrupt
monday.com,Israel,"Collaboration, CRM, Developer Tools, Marketing, Project Management, SaaS, Task Management",E-Commerce and Retail,June,2021,IPO,IPO
MongoDB,United States,"Cloud Computing, Database, Open Source, SaaS, Software",Software & Technology,October,2017,Bankrupt,Bankrupt
MuleSoft,United States,"Apps, Cloud Infrastructure, Data Integration, Developer APIs, Enterprise Software",Software & Technology,March,2017,IPO,IPO
NantHealth,United States,"Health Care, Health Diagnostics, Hospital, Medical, Therapeutics",Healthcare & BioTechnology,June,2016,IPO,IPO
nCino,United States,"Banking, Finance, FinTech, SaaS, Software",Finance and FinTech,April,2023,Bankrupt,Bankrupt
NetEase Cloud Music,China,"Digital Media, Media and Entertainment, Music, Music Streaming",Media and Entertainment,December,2021,Bankrupt,Bankrupt
New Relic,United States,"Analytics, Application Performance Management, Cloud Computing, IT Infrastructure, Mobile, SaaS, Software",Software & Technology,December,2014,IPO,IPO
Nextdoor,United States,"CivicTech, Communities, Internet, Mobile Apps, Social Media",Media and Entertainment,November,2021,Bankrupt,Bankrupt
Nextracker,United States,"Natural Resources, Renewable Energy, Software, Solar",Energy and CleanTech,February,2023,Bankrupt,Bankrupt
Nikola Motor Company,United States,"Automotive, Electric Vehicle, Manufacturing, Transportation",Automotive and Transportation,January,2021,Bankrupt,Bankrupt
NIO,China,"Automotive, Autonomous Vehicles, Electric Vehicle, Electronics, Transportation",Automotive and Transportation,May,2022,Bankrupt,Bankrupt
NJOY,United States,"Consumer Electronics, Electronics, Leisure, Lifestyle, Manufacturing",Energy and CleanTech,March,2023,Bankrupt,Bankrupt
Nubank,Brazil,"Banking, Credit Cards, Financial Services, FinTech",Finance and FinTech,December,2021,IPO,IPO
Nutanix,United States,"Data Center, Enterprise Software, Information Software & Technology, Software, Virtualization",Software & Technology,September,2016,IPO,IPO
Nuvei,Canada,"Finance, Financial Services, FinTech, Payments",Finance and FinTech,October,2021,Bankrupt,Bankrupt
Nykaa,India,"Beauty, E-Commerce, Fashion, Lifestyle, Wellness",Fashion and Beauty,November,2021,IPO,IPO
Oatly,Sweden,"Food and Beverage, Health Care, Nutrition, Wellness",Food and Beverage,May,2021,Bankrupt,Bankrupt
Oddity,United States,"Consumer, Consumer Applications, Consumer Goods",E-Commerce and Retail,July,2023,Bankrupt,Bankrupt
Okta,United States,"CRM, Enterprise Software, Identity Management, IT Infrastructure, Management Information Systems, Software, Web Development",Software & Technology,April,2017,IPO,IPO
One Medical,United States,"Health Care, Information Software & Technology, Medical, Wellness",Healthcare & BioTechnology,January,2020,IPO,IPO
One97 Communications,India,"Finance, FinTech, Information Software & Technology, Mobile Advertising, Mobile Payments, Software",Finance and FinTech,November,2021,Bankrupt,Bankrupt
OneConnect,China,"Finance, Financial Services, FinTech",Finance and FinTech,December,2019,Bankrupt,Bankrupt
OneWeb,United Kingdom,"Aerospace, Internet, Satellite Communication, Telecommunications",Media and Entertainment,July,2022,Bankrupt,Bankrupt
Opendoor,United States,"Marketplace, Property Development, Property Management, Real Estate",Real Estate and Property Management,August,2021,Bankrupt,Bankrupt
Oscar Health,United States,"Health Care, Health Insurance, Insurance, InsurTech",Healthcare & BioTechnology,March,2021,IPO,IPO
Outcome Health,United States,"Digital Media, Health Care, Information Software & Technology, Life Science, Medical Device",Healthcare & BioTechnology,March,2021,Bankrupt,Bankrupt
OVHcloud,France,"Cloud Data Services, Cloud Infrastructure, Data Center, Data Storage, Web Hosting",Software & Technology,October,2021,Bankrupt,Bankrupt
OVO,Indonesia,"Information Services, Payments",E-Commerce and Retail,October,2021,Bankrupt,Bankrupt
Oxford Nanopore Technologies,United Kingdom,"Biopharma, BioSoftware & Technology, Genetics, Health Diagnostics, NanoSoftware & Technology",Healthcare & BioTechnology,September,2021,Bankrupt,Bankrupt
PagerDuty,United States,"Analytics, Cloud Computing, Information Software & Technology, IT Management, SaaS, Software",Software & Technology,April,2019,Bankrupt,Bankrupt
Paidy,Japan,"Finance, Financial Services, FinTech, Payments",Finance and FinTech,September,2021,Acquired,Acquired
Palantir Technologies,United States,"Analytics, Big Data, Enterprise Software, Fraud Detection, Software",Software & Technology,October,2021,Bankrupt,Bankrupt
Payoneer,United States,"B2B, Finance, FinTech, Payments",Finance and FinTech,June,2021,Bankrupt,Bankrupt
PDD Holdings,Ireland,"E-Commerce, E-Commerce Platforms",E-Commerce and Retail,July,2018,Bankrupt,Bankrupt
Peloton,United States,"Cycling, Fitness, Health Care, Wellness",Healthcare & BioTechnology,September,2019,IPO,IPO
Perimeter 81,Israel,"Cloud Security, Cyber Security, Network Security, SaaS",Software & Technology,August,2023,Bankrupt,Bankrupt
Ping An Good Doctor,China,"Consulting, Health Care, Medical Device",Healthcare & BioTechnology,May,2018,Bankrupt,Bankrupt
Pinterest,United States,"Internet, Social Bookmarking, Social Media, Social Network, Software",Media and Entertainment,April,2019,IPO,IPO
Pivotal,United States,"Big Data, Cloud Computing, Enterprise Software, PaaS, Software",Software & Technology,April,2018,IPO,IPO
Planet,United States,"Aerospace, Analytics, Big Data, Geospatial, Software",Automotive and Transportation,December,2021,Bankrupt,Bankrupt
Pluralsight,United States,"E-Learning, EdTech, Education, Information Services, Information Software & Technology",Education and EdTech,May,2018,Bankrupt,Bankrupt
Polestar,Sweden,"Automotive, Electric Vehicle, Mechanical Engineering",Automotive and Transportation,June,2022,Bankrupt,Bankrupt
PolicyBazaar,India,"Auto Insurance, Commercial Insurance, Finance, Health Insurance, Life Insurance",Finance and FinTech,November,2021,IPO,IPO
Pop Mart,China,"Manufacturing, Retail, Toys",E-Commerce and Retail,December,2020,Bankrupt,Bankrupt
Poshmark,United States,"E-Commerce, Fashion, Marketplace, Peer to Peer",E-Commerce and Retail,January,2021,Bankrupt,Bankrupt
Postmates,United States,"Delivery, Food Delivery, Logistics, Beverages, Same Day Delivery",Food and Beverage,July,2020,Acquired,Acquired
Prime Medicine,United States,"BioSoftware & Technology, Genetics, Life Science, Medical",Healthcare & BioTechnology,October,2022,Bankrupt,Bankrupt
Procore,United States,"Construction, Internet, SaaS, Software",Software & Technology,May,2021,Bankrupt,Bankrupt
Proterra,United States,"Automotive, Battery, Energy Storage, Manufacturing",Energy and CleanTech,June,2021,Bankrupt,Bankrupt
Pure Storage,United States,"Cloud Computing, Data Storage, Enterprise Software",Software & Technology,October,2015,IPO,IPO
QingCloud,China,"Cloud Computing, IaaS, SaaS, Software, Web Hosting",Software & Technology,March,2021,IPO,IPO
Qualtrics,United States,"Consumer, Data Integration, Market Research, SaaS, Software",Software & Technology,January,2021,Bankrupt,Bankrupt
Quanergy Systems,United States,"3D Software & Technology, Autonomous Vehicles, Mapping Services, Navigation, Robotics",Software & Technology,November,2022,Bankrupt,Bankrupt
QuantumScape,United States,"Automotive, Battery, Electric Vehicle, Energy, Energy Storage, Renewable Energy",Energy and CleanTech,February,2022,Bankrupt,Bankrupt
Qudian,China,"Electronics, Financial Services, Lending, Payments, Retail",Finance and FinTech,October,2017,Bankrupt,Bankrupt
Quotient Software & Technology,United States,"Advertising, Coupons, Digital Marketing, Digital Media, Software",Media and Entertainment,March,2014,IPO,IPO
Qutoutiao,China,"Apps, News, Social News",Media and Entertainment,September,2018,Bankrupt,Bankrupt
Razer,United States,"Consumer Electronics, Gaming, iOS, Product Design, Software",Software & Technology,November,2017,Bankrupt,Bankrupt
Recursion Pharmaceuticals,United States,"Artificial Intelligence, BioSoftware & Technology, Machine Learning, Pharmaceutical, Software, Therapeutics",Healthcare & BioTechnology,April,2021,Bankrupt,Bankrupt
RELX Software & Technology,China,"Consumer Electronics, Consumer Goods, Leisure",E-Commerce and Retail,January,2021,Bankrupt,Bankrupt
Remitly,United States,"Financial Services, FinTech, Payments",Finance and FinTech,September,2021,Bankrupt,Bankrupt
Renaissance Learning,United States,"Big Data, E-Learning, EdTech, Education, Software",Education and EdTech,May,2018,Bankrupt,Bankrupt
Rent the Runway,United States,"Consumer Goods, E-Commerce, Fashion, Retail",E-Commerce and Retail,October,2021,IPO,IPO
Riskified,United States,"E-Commerce, Fraud Detection, Machine Learning, Risk Management",Automotive and Transportation,July,2021,Bankrupt,Bankrupt
Rivian,United States,"Automotive, Electric Vehicle, Manufacturing, Transportation",Automotive and Transportation,October,2023,Bankrupt,Bankrupt
Robinhood,United States,"Cryptocurrency, FinTech, Stock Exchanges, Trading Platform",Finance and FinTech,August,2022,IPO,IPO
Roblox,United States,"3D Software & Technology, Gaming, Online Games, Software, Video Games",Media and Entertainment,July,2022,Bankrupt,Bankrupt
Rocket Internet,Germany,"Finance, Financial Services, Incubators, Internet, Software",Finance and FinTech,October,2014,Bankrupt,Bankrupt
Rocket Lab,United States,"Aerospace, Electronics, Industrial Manufacturing",Automotive and Transportation,August,2021,Bankrupt,Bankrupt
Roivant Sciences,United States,"Biopharma, BioSoftware & Technology, Health Care, Pharmaceutical, Product Research",Healthcare & BioTechnology,October,2021,SPAC merger,Merger
Root Insurance,United States,Automotive and Transportation,Automotive and Transportation,October,2020,Bankrupt,Bankrupt
Rubicon,United States,"Cloud Computing, Computer, Recycling, Smart Cities, Software, Sustainability, Waste Management",Software & Technology,March,2023,Bankrupt,Bankrupt
Salesloft,United States,"CRM, Email, SaaS, Sales, Sales Automation",E-Commerce and Retail,December,2021,Bankrupt,Bankrupt
Samsara,United States,"Business Intelligence, Cloud Data Services, Internet of Things, SaaS, Software",Software & Technology,December,2021,IPO,IPO
Sana BioSoftware & Technology,United States,"BioSoftware & Technology, Health Care, Life Science, Product Research",Healthcare & BioTechnology,February,2021,Bankrupt,Bankrupt
Scopely,United States,"Digital Entertainment, Mobile Apps, Online Games, Software, Video Games",Media and Entertainment,April,2023,Bankrupt,Bankrupt
Sea,Singapore,"E-Commerce, Messaging, Mobile, Payments",E-Commerce and Retail,October,2017,IPO,IPO
Segment,United States,"Analytics, Big Data, Cloud Computing, Infrastructure, SaaS",Software & Technology,October,2020,Bankrupt,Bankrupt
SenseTime,Hong Kong,"Artificial Intelligence, Augmented Reality, Computer Vision, Software",Software & Technology,December,2021,Bankrupt,Bankrupt
SentinelOne,United States,"Artificial Intelligence, Cyber Security, Network Security, Security",Software & Technology,June,2021,Bankrupt,Bankrupt
Shanghai ANE Logistics,China,"Delivery, Logistics, Supply Chain Management, Transportation",E-Commerce and Retail,November,2021,Bankrupt,Bankrupt
Shape Security,United States,"Cyber Security, Information Software & Technology, Network Security, Security",Software & Technology,December,2019,Acquired,Acquired
Sharecare,United States,"Consumer, Health Care, Information Software & Technology, mHealth",Healthcare & BioTechnology,October,2021,Bankrupt,Bankrupt
Shazam Entertainment,United Kingdom,"Apps, Digital Entertainment, Music",Media and Entertainment,December,2017,Acquired,Acquired
ShopClues,India,"E-Commerce, Internet, Marketplace, Shopping",E-Commerce and Retail,October,2019,Acquired,Acquired
Shopify,Canada,"E-Commerce, E-Commerce Platforms, Enterprise Software, SaaS",E-Commerce and Retail,May,2015,IPO,IPO
Simplivity,United States,"Big Data, Computer, Information Software & Technology",Software & Technology,January,2017,Acquired,Acquired
Skyscanner,City of,"Internet, Service Industry, Transportation, Travel, Travel Agency",Automotive and Transportation,November,2016,Acquired,Acquired
Slack,United States,"Collaboration, Enterprise Software, Messaging, Productivity Tools",Media and Entertainment,June,2019,IPO,IPO
SmileDirectClub,United States,"Consumer Goods, Cosmetics, Dental, Health Care",Healthcare & BioTechnology,September,2019,IPO,IPO
SMS Assist,United States,"Facility Management, Property Management, Software",E-Commerce and Retail,January,2023,Bankrupt,Bankrupt
Snap,United States,"Apps, Messaging, Mobile, Social Media, Software",Media and Entertainment,March,2017,IPO,IPO
Snowflake,United States,"Analytics, Cloud Data Services, Enterprise Software, Software",Software & Technology,August,2022,IPO,IPO
Socar,South Korea,"Car Sharing, Communities, Transportation",Automotive and Transportation,August,2022,Bankrupt,Bankrupt
SoFi,United States,"Financial Services, FinTech, Life Insurance, Wealth Management",Finance and FinTech,June,2021,SPAC merger,Merger
Sogou,China,"Information Services, Internet, Search Engine",Software & Technology,November,2017,Bankrupt,Bankrupt
Sonder,United States,"Hospitality, Tourism, Travel",E-Commerce and Retail,October,2022,SPAC merger,Merger
SoundHound,United States,"Artificial Intelligence, Audio, Machine Learning, Music, Speech Recognition",Media and Entertainment,April,2022,Bankrupt,Bankrupt
Souq,United Arab Emirates,"Consumer Electronics, E-Commerce, Marketing, Marketplace, Retail, Shopping",E-Commerce and Retail,March,2017,Bankrupt,Bankrupt
SoYoung Software & Technology,China,"Cosmetic Surgery, Medical, Medical Device",Healthcare & BioTechnology,May,2019,Bankrupt,Bankrupt
Sportradar,Switzerland,"Digital Media, Information Services, Information Software & Technology, Sports",Software & Technology,September,2021,IPO,IPO
Spotify,Sweden,"Audio, Cloud Computing, Music, Music Streaming",Media and Entertainment,April,2018,Direct listing,IPO
Sprinklr,United States,"Advertising Platforms, Analytics, Cloud Computing, Enterprise Software, Social Media, Social Media Management, Software",Media and Entertainment,September,2021,Bankrupt,Bankrupt
Squarespace,United States,"Developer Tools, E-Commerce Platforms, Publishing, Software, Web Design",Software & Technology,July,2021,Direct listing,IPO
Stemcentrx,United States,"Alternative Medicine, BioSoftware & Technology, Health Diagnostics, Pharmaceutical, Therapeutics",Healthcare & BioTechnology,April,2016,Acquired,Acquired
Sumo Logic,United States,"Analytics, Big Data, Cloud Data Services, Enterprise Software, SaaS",Software & Technology,September,2020,Bankrupt,Bankrupt
Suning Finance,China,"Finance, Financial Services, Insurance, InsurTech",Finance and FinTech,January,2022,Bankrupt,Bankrupt
Sunrun,United States,"Battery, Clean Energy, Energy, Renewable Energy, Solar",Energy and CleanTech,August,2015,IPO,IPO
Sweetgreen,United States,"Food and Beverage, Organic Food, Beverages",Food and Beverage,November,2021,Bankrupt,Bankrupt
Taboola,United States,"Advertising, Advertising Platforms, Artificial Intelligence, Content Discovery, Content Marketing",Media and Entertainment,January,2023,Bankrupt,Bankrupt
Tencent Music Entertainment,China,"Internet, Media and Entertainment, Mobile, Music, Music Streaming",Media and Entertainment,December,2018,IPO,IPO
Ten-X,United States,"Commercial Real Estate, E-Commerce, Information Software & Technology, Marketplace, Online Portals, Real Estate",E-Commerce and Retail,May,2020,Bankrupt,Bankrupt
The Honest Company,United States,"Baby, Consumer Goods, E-Commerce, Lifestyle",E-Commerce and Retail,May,2021,Bankrupt,Bankrupt
The RealReal,United States,"E-Commerce, Fashion, Lifestyle, Marketplace",E-Commerce and Retail,June,2019,Bankrupt,Bankrupt
THG,United Kingdom,"Beauty, E-Commerce, Fashion, Fast-Moving Consumer Goods, Retail",Fashion and Beauty,September,2020,IPO,IPO
Thoughtworks,United States,"Apps, Consulting, Information Software & Technology, Open Source, Professional Services, Software, Web Development",Software & Technology,September,2021,Bankrupt,Bankrupt
Tiger Brokers,China,"FinTech, Internet, Stock Exchanges",Finance and FinTech,March,2019,Bankrupt,Bankrupt
TMON,South Korea,"E-Commerce, Information Software & Technology, Mobile",E-Commerce and Retail,August,2022,Bankrupt,Bankrupt
Toast,United States,"Delivery, Point of Sale, Beverages, SaaS, Software",Food and Beverage,September,2021,IPO,IPO
TuSimple,United States,"Autonomous Vehicles, Electric Vehicle, Last Mile Transportation, Machine Learning, Transportation",Automotive and Transportation,April,2021,IPO,IPO
Twilio,United States,"Enterprise Software, Messaging, Mobile Apps, SMS, Software",Software & Technology,June,2016,IPO,IPO
Uber,United States,"Logistics, Mobile Apps, Public Transportation, Ride Sharing, Software, Transportation",Automotive and Transportation,May,2019,IPO,IPO
Uber Advanced Technologies Group,United States,"Automotive, Autonomous Vehicles, Transportation",Automotive and Transportation,December,2020,Bankrupt,Bankrupt
Uber China,China,"Mobile Apps, Ride Sharing, Transportation",Automotive and Transportation,August,2016,Bankrupt,Bankrupt
UCAR,China,"Automotive, Car Sharing, Transportation",Automotive and Transportation,July,2016,IPO,IPO
UCloud Information Software & Technology,China,"Big Data, Cloud Computing, Cloud Data Services, E-Commerce, Enterprise Software, Information Software & Technology",Software & Technology,January,2020,IPO,IPO
Ucommune,China,"Coworking, Facility Management, Sharing Economy, Virtual Workforce",E-Commerce and Retail,November,2020,SPAC merger,Merger
Udemy,United States,"E-Learning, EdTech, Education, Training",Education and EdTech,August,2022,IPO,IPO
UiPath,United States,"Artificial Intelligence, Developer Tools, Enterprise Software, InsurTech, Machine Learning, Robotics",Software & Technology,November,2021,IPO,IPO
Unity,United States,"Augmented Reality, Developer Platform, Mobile Apps, Virtual Reality",Software & Technology,November,2021,Bankrupt,Bankrupt
Uxin,China,"Auctions, Automotive, E-Commerce, Online Auctions, Sales",Automotive and Transportation,June,2018,IPO,IPO
Vacasa,United States,"Property Management, Real Estate, Travel Accommodations, Vacation Rental",Real Estate and Property Management,December,2021,Bankrupt,Bankrupt
Veeam Software,United States,"Cloud Infrastructure, Data Center, Enterprise Software, Software, Virtualization",Software & Technology,January,2020,Bankrupt,Bankrupt
Velodyne Lidar,United States,"3D Software & Technology, Autonomous Vehicles, Electronics, Robotics, Sensor",Automotive and Transportation,September,2020,Bankrupt,Bankrupt
View,United States,"Artificial Intelligence, Smart Building, Software, Sustainability",Software & Technology,March,2021,Bankrupt,Bankrupt
Vimeo,United States,"File Sharing, Software, Video, Video Streaming",Media and Entertainment,May,2021,Bankrupt,Bankrupt
Vir BioSoftware & Technology,United States,"BioSoftware & Technology, Health Care, Medical, Therapeutics",Healthcare & BioTechnology,October,2019,Bankrupt,Bankrupt
VK,Russian Federation,"Communities, InsurTech, Mobile Apps, Social Media, Social Network",Media and Entertainment,September,2014,Bankrupt,Bankrupt
Vlocity,United States,"Cloud Data Services, Enterprise Applications, Enterprise Software, Mobile, SaaS, Software",Software & Technology,February,2020,Acquired,Acquired
Vonage,United States,"Communications Infrastructure, Developer APIs, Enterprise Applications, Information Services, Information Software & Technology, PaaS, Telecommunications",Software & Technology,May,2006,IPO,IPO
Vroom,United States,"Automotive, E-Commerce, Marketing, Sales",Automotive and Transportation,October,2020,Bankrupt,Bankrupt
VTEX,United States,"E-Commerce, Information Software & Technology, SaaS, Software",Software & Technology,July,2021,Bankrupt,Bankrupt
WalkMe,United States,"E-Learning, Guides, Product Design, Product Management, Software",Education and EdTech,June,2021,IPO,IPO
Wandoujia,China,"Android, Apps, Mobile, Video",Media and Entertainment,July,2016,Bankrupt,Bankrupt
Warby Parker,United States,"E-Commerce, Fashion, Retail",E-Commerce and Retail,September,2021,Bankrupt,Bankrupt
Waterdrop,China,"Health Care, Health Insurance, Insurance, InsurTech, Medical",Healthcare & BioTechnology,May,2021,Bankrupt,Bankrupt
Wayfair,United States,"Consumer Goods, E-Commerce, Furniture, Home Decor, Retail",E-Commerce and Retail,October,2014,IPO,IPO
Weidai,China,"Financial Services, Lending, Payments",Finance and FinTech,November,2018,Bankrupt,Bankrupt
Weilong Foods,China,"Food and Beverage, Manufacturing, Snack Food",Food and Beverage,December,2022,Bankrupt,Bankrupt
Weimob,China,"CRM, E-Commerce, Enterprise Software, Marketing, SaaS, Social Network, Software",E-Commerce and Retail,January,2019,Bankrupt,Bankrupt
WeMakePrice,South Korea,"Advertising, Advertising Platforms, E-Commerce",Media and Entertainment,April,2023,Bankrupt,Bankrupt
WeWork,United States,"Commercial Real Estate, Coworking, Property Development, Real Estate",Real Estate and Property Management,April,2022,SPAC merger,Merger
WhatsApp,United States,"Android, Messaging, Mobile, Subscription Service",Media and Entertainment,February,2014,Acquired,Acquired
Wheels Up,United States,"Aerospace, Air Transportation, Travel",Automotive and Transportation,July,2021,SPAC merger,Merger
Wise,United Kingdom,"Finance, Financial Services, FinTech, InsurTech, Payments",Finance and FinTech,July,2021,Direct listing,IPO
Wish,United States,"E-Commerce, Information Software & Technology, Machine Learning",Software & Technology,December,2020,Bankrupt,Bankrupt
WM Motor,China,"Automotive, Autonomous Vehicles, Electric Vehicle, Manufacturing",Automotive and Transportation,January,2023,Bankrupt,Bankrupt
Wolt,Finland,"Apps, Delivery, Delivery Service, Food Delivery",Food and Beverage,November,2021,Bankrupt,Bankrupt
Woowa Bros,South Korea,"Advertising, Advertising Platforms, Mobile Apps, Software",Media and Entertainment,December,2019,Acquired,Acquired
Workday,United States,"Enterprise Software, Human Resources, SaaS, Software",E-Commerce and Retail,October,2012,Bankrupt,Bankrupt
Workday Adaptive Planning,United States,"Business Intelligence, Cloud Computing, Data Visualization, Enterprise, Enterprise Resource Planning (ERP), Enterprise Software, Finance, SaaS, Software",Finance and FinTech,June,2018,Bankrupt,Bankrupt
X (formerly Twitter),United States,"Blogging Platforms, Social Media, Social Network",Media and Entertainment,November,2013,Bankrupt,Bankrupt
Xiaomi,China,"Consumer Electronics, Internet, Mobile",Software & Technology,July,2018,IPO,IPO
Xpeng Motors,China,"Automotive, Autonomous Vehicles, Electric Vehicle, Manufacturing",Automotive and Transportation,August,2020,Bankrupt,Bankrupt
Yandex,Russian Federation,"Big Data, Developer Tools, Email, Information Services, Information Software & Technology, Mobile, Search Engine",Software & Technology,May,2011,Bankrupt,Bankrupt
Yatsen Holding,China,"Beauty, Cosmetics, E-Commerce, Manufacturing",Fashion and Beauty,November,2020,Bankrupt,Bankrupt
Youdao,China,"Big Data, Education, Information Services, Information Software & Technology, Internet, Search Engine, Software",Education and EdTech,October,2019,Bankrupt,Bankrupt
Zalando,Germany,"E-Commerce, E-Commerce Platforms, Fashion, Lifestyle",E-Commerce and Retail,October,2014,IPO,IPO
Zenefits,United States,"Health Insurance, Human Resources, SaaS, Software",Healthcare & BioTechnology,December,2021,Bankrupt,Bankrupt
ZeniMax,United States,"Computer, Gaming, Media and Entertainment",Media and Entertainment,September,2020,Bankrupt,Bankrupt
Zeta Global,United States,"Advertising, Analytics, Information Services, Marketing",Media and Entertainment,June,2021,Bankrupt,Bankrupt
Zhihu,China,"Information Services, Internet, Q&A, Social Media, Social Network",Media and Entertainment,April,2022,IPO,IPO
Zhong An,China,"Finance, Insurance",Finance and FinTech,September,2017,Bankrupt,Bankrupt
ZipRecruiter,United States,"E-Commerce, Employment, Human Resources, Recruiting, SaaS",E-Commerce and Retail,May,2021,Bankrupt,Bankrupt
Zomato,India,"Food Delivery, Mobile Apps, Reservations, Beverages",Food and Beverage,July,2021,IPO,IPO
Zoom,United States,"Collaboration, Information Software & Technology, Messaging, Video Conferencing",Software & Technology,April,2019,IPO,IPO
Zoox,United States,"Autonomous Vehicles, Machine Learning, Robotics, Transportation",Automotive and Transportation,June,2020,Acquired,Acquired
Zscaler,United States,"Cloud Security, Cyber Security, Enterprise Software, Security",Software & Technology,March,2018,Bankrupt,Bankrupt
zulily,United States,"Delivery, E-Commerce, Flash Sale, Retail",E-Commerce and Retail,October,2013,Acquired,Acquired
Zuora,United States,"Billing, Developer APIs, Payments, SaaS, Software",Software & Technology,April,2018,Bankrupt,Bankrupt
Zymergen,United States,"Artificial Intelligence, Big Data, Bioinformatics, Machine Learning, Robotics",Software & Technology,April,2021,Bankrupt,Bankrupt
Zynga,United States,"Gaming, Mobile, PC Games",Media and Entertainment,December,2011,IPO,IPO
36Kr Media,China,"News, Media, Software & Technology, Information",Media and Entertainment,November,2019,IPO,IPO
Argo AI,United States,"Software, Cloud Infrastructure",Software & Technology,October,2022,Defunct,Bankrupt
Cambricon,China,"Artificial Intelligence, Electronic Chip, Software Developer",Software & Technology,June,2020,IPO,IPO
CATL,China,"Battery Manufacturer, Software & Technology",Software & Technology,June,2018,IPO,IPO
e-Shang Redwood,China,"Real Estate, Asset Management",Real Estate and Property Management,October,2019,IPO,IPO
eFront,France,"Investment Management, Fund Management, Cloud-Solution",Software & Technology,May,2019,Acquired,Acquired
Essential Products,United States,Phones & Accessories,Software & Technology,February,2020,Defunct,Bankrupt
Facebook,United States,"Social Media, Virtual Reality, Consumer Electronics, Advertising",Software & Technology,May,2012,IPO,IPO
Freshly,United States,"Food Delivery, Mobile Apps, Beverages",Food and Beverage,June,2023,Bankrupt,Bankrupt
Gojek,Indonesia,"Multi-Service Platform, Digital Payment Services",Software & Technology,May,2021,Merger to GoTo,Merger
HeadSpin,United States,"Automated Quality Tests, App Testing Tools",Software & Technology,August,2020,Devalued,Devalued
Hike Messenger,India,Instant Messaging,Software & Technology,January,2021,Defunct,Bankrupt
Jia.com,China,"Home Furnishing, E-Commerce",E-Commerce and Retail,July,2018,IPO,IPO
Mobike,China,"Mobile App, bike for hire",Software & Technology,April,2018,Acquired,Acquired
Ninebot,China,"Electric Vehicle, Transportation, Manufacturing",Manufacturing,October,2020,IPO,IPO
Paytm,India,"Financial Software & Technology, Digital Payments, Financial Services",Software & Technology,November,2021,IPO,IPO
Peak Games,Turkey,Mobile Gaming,Software & Technology,June,2020,Acquired,Acquired
Pinduoduo,China,"Agriculture, Online Retail",E-Commerce and Retail,July,2018,IPO,IPO
Proteus Digital Health,United States,"Digital Medicines, Digital Health",Healthcare & BioTechnology,July,2020,Bankrupt,Bankrupt
Quikr,India,"E-Commerce, Advertising, Marketplace",E-Commerce and Retail,February,2020,Devalued,Devalued
ReNew Power,India,Renewable Energy,Energy and CleanTech,August,2021,SPAC merger,Merger
"Roku, Inc.",United States,Online Streaming,Media and Entertainment,September,2017,IPO,IPO
Skype,Sweden,"Instant Messaging, File Sharing",Software & Technology,September,2015,Acquired,Acquired
Solstice,United States,"Solar Energy, Renewable Energy",Energy and CleanTech,December,2009,Acquired,Acquired
Square,United States,"Financial Software & Technology, Digital Payments, Financial Services",Software & Technology,November,2015,IPO,IPO
Stitch Fix,United States,"Clothing, Lifestyle, Retail",E-Commerce and Retail,November,2017,IPO,IPO
Three Squirrels,China,"Nuts, Food, E-Commerce",Food and Beverage,July,2019,IPO,IPO
Tokopedia,Indonesia,Search Engine,Software & Technology,May,2021,Merger to GoTo,Merger
Truecaller,Sweden,"Mobile app, Caller id verification, calls blocking",Software & Technology,October,2021,IPO,IPO
Tuandaiwang,China,"Internet Technology Services, Online Service Platform",Software & Technology,April,2019,Bankrupt,Bankrupt
Twitter,United States,"Social Media, Advertising",Media and Entertainment,November,2013,IPO,IPO
Zimi,China,Technological Accessories,E-Commerce and Retail,March,2021,Acquired,Acquired
